,Security Type,Symbol,Issue Period,Issue Size – No. of Shares,Price Band,Price-Band Advertisement,Face Value,Tick Size,Market Lot,Minimum Bid Quantity,Maximum Bid Quantity for Qualified Institutional Investors,/A discount of Rs. 119 per equity share is being offered to Eligible Employees Biding in the Employee Reservation Portion,Maximum Bid Quantity for Non-Institutional Investors,/A discount of  7/- per Equity Share is being offered to Eligible Employees bidding in the Employee Reservation Portion,/A discount of Rs 7 Per equity share is being offered to BLS International Shareholders Reservation Portion.,/A discount of Rs. 15/- per Equity Share is being offered to Eligible Employees bidding in the Employee Reservation Portion,/A discount of Rs.75/- per Equity Share is being offered to Eligible Employees bidding in the Employee Reservation Portion,/A discount of Rs 10 per share is being offered to Eligible Employees bidding in the Employee Reservation Portion,/A discount of Rs 75 per share is being offered to Eligible Employees bidding in the Employee Reservation Portion,/5/- per equity share discount is being offered to Eligible Employees in the Employees Reservation Portion,/30/- per equity share discount is being offered to Eligible Employees in the Employees Reservation Portion,/Rs 61/- per equity share discount is being offered to Eligible Employees in the Employees Reservation Portion,/A discount of Rs. 48/- per Equity Share is being offered to Eligible Employees bidding in Employee Portion,/A discount of Rs 98/- per equity share is being offered to Eligible Employees bidding in the Employee Reservation Portion,/Discount of 9/- each of the Issue Price to Eligible Employees bidding in the employee reservation portion (“employee discount”),/Discount of Rs 70/- per Equity Share is being offered to Eligible Employees bidding in the Employee Reservation Portion,/Discount of Rs 2/- per Equity Share is being offered to Eligible Employees bidding in the Employee Reservation Portion,/A discount of Rs. 25/- per Equity Share is being offered to Eligible Employees bidding in the Employee Reservation Portion,IPO Market Timings,/A Discount of Rs 15/- per Equity Share is being offered to Eligible Employees bidding in the Employee Reservation Portion,/A Discount of Rs 32/- per Equity Share is being offered to Eligible Employees bidding in the Employee Reservation Portion,As informed by company Issue closure date has been extended till 21st June 2023,"Further Public Offer of Shares aggregating up to Rs. 20,000 crore issued on a partly paid basis of which 50% is payable on application by the Investors","/The price band is Rs. 3,112/- to Rs. 3,276/- per FPO Equity Share. Accordingly, the application amount being 50% of the above price range is Rs.1,556/- to Rs.1,638/- per FPO Equity Share. Discount of Rs. 64/- per FPO Equity Share is being offered to Retail Individual Bidders in the Retail Portion",Cut-off time for UPI Mandate Confirmation,/Discount of Rs 48/- per Equity share is being offered to Eligible Employees bidding in the Employee Reservation portion,"Initial Public Offer comprising of Fresh issue of upto Rs. 2,160 million and offer for sale of 14,83,000 Equity shares (Including Anchor Allocation of 31,62,540 Equity Shares)",/Discount of Rs.10 per Equity Share to eligible Employees bidding in the Employee Reservation Portion,"Initial Public Offer comprising of Fresh issue of upto Rs. 5,600 million and offer for sale of upto Rs. 750 million (Including Anchor Allocation of 35,21,255 Equity Shares)","Fresh issue of upto Rs. 3,700 million and offer for sale of upto aggregating up to Rs 3,700 million (Including anchor allocation of 5,12,30,769 Equity shares)","Initial Public Offer comprising of Fresh issue of Rs.5,300 million and offer for Sale Up to 5,584,664 Equity Shares (Including anchor allocation of 43,76,421 Equity shares)","Initial Public Offer comprising of Fresh issue of upto Rs. 8,050 million and offer for sale of upto 16,150,000 Equity Shares (Including Anchor Allocation of 16,167,991 Equity Shares)","Initial Public Offer aggregating up to Rs. 19,600.05 million (Including Anchor Allocation of 1,24,05,094 Equity Shares)",/Price Discount: Rs. 15/- per Equity Share to Eligible Employees bidding in the Employee Reservation Portion,"Fresh issue of upto Rs. 5,000 million and offer for sale of upto 5,07,61,000 Equity Shares","Fresh issue of upto Rs. 6,000 million and offer for sale of upto 13,695,466 Equity Shares","Fresh issue of upto Rs. 4,000 million and offer for sale of upto Rs. 1,000 million aggregating upto 5,000 million","As per SEBI circular no SEBI/HO/CFD/DIL2/CIR/P/2022/45 dated April 05,2022,all Individual Investors applying in the issue where the application amount is upto 5 Lakhs shall use UPI and shall also provide their UPI ID in the bid-cum-application form submitted with a syndicate member, registered stock broker, depository participant and Registrar. All Other Category of Investors shall mandatorily use only Application Supported by Blocked Amount (ASBA) facility for making payments",,At lower price band i.e. Rs. 36/-,/Discount of Rs. 31 per Equity Share to eligible Employees bidding in the Employee Reservation Portion,Post Issue Modification,Video link for BHIM UPI Registration,/Discount of Rs.25 per Equity Share to Eligible Employee Category,/Discount of Rs.59 per Equity Share to Eligible Employee Category,"The Issue Period also includes bidding on Saturday, May 7, 2022 and Sunday, May 8, 2022.","As per SEBI circular no SEBI/HO/CFD/DIL2/CIR/P/2022/45 dated April 05,2022,all Individual  Investors  applying  in  the issue where  the  application  amount  is  upto  5  Lakhs  shall  use  UPI  and  shall also provide their UPI ID  in  the  bid-cum-application form  submitted  with a syndicate member, registered stock broker, depository participant and Registrar. All Other Category of Investors shall mandatorily use only Application Supported by Blocked Amount (ASBA) facility for making payments",/Rs.45 per Equity Share to Retail and Eligible Employee Categories and Rs. 60 per Equity Share to Policy Holder Category,Retail Individual Investors shall have Unified Payments Interface (UPI) as an additional payment mechanism with Application Supported by Block Amount (ASBA) for making payments. All Other Category of Investors shall mandatorily use only Application Supported by Blocked Amount (ASBA) facility for making payments,/A discount of Rs. 78 per equity share is being offered to the eligible employees bidding under the Employee Reservation Portion.,"Post Issue Modification on November 8th, 2021 from 10.00 am to 11.00 am",/Rs.52 per Equity Share to Eligible Employee Category,/A discount of Rs. 40/- per equity share shall be offered to Eligible Employees Bidding in the Employee Reservation Portion,/A discount of Rs. 15/- per equity share shall be offered to Eligible Employees Bidding in the Employee Reservation Portion,/A discount of Rs. 20/- per equity share shall be offered to Eligible Employees Bidding under the Employee Reservation Portion,/A discount of Rs. 15/- per equity share shall be offered to Eligible Employees Bidding under the Employee Reservation Portion,"Retail Individual Investors (individual Investors biding for amount upto Rs.2 Lacs) note that use of UPI Id in Application Form is mandatory while applying for equity IPOs through Designated Intermediaries (Syndicate members, Registered Stock Brokers, Registrar and Transfer agent and Depository Participants). All Other Category of Investors shall mandatorily use only Application Supported by Blocked Amount (ASBA) facility for making payments",/Price Discount for Employees Rs 1/- per equity share,"For QIB Bidders Issue closes on Wednesday, March 04, 2020 and for all other Bidders Issue closes on Thursday, March 05, 2020","Retail Individual Investors (individual Investors bidding for amount upto Rs.2 Lacs) note that use of UPI Id in Application Form is mandatory while applying for equity IPOs through Designated Intermediaries (Syndicate members, Registered Stock Brokers, Registrar and Transfer agent and Depository Participants). All Other Category of Investors shall mandatorily use only Application Supported by Blocked Amount (ASBA) facility for making payments","Retail Individual Investors (individual Investors biding for amount upto Rs.2 Lacs) note that use of UPI Id in Application Form is mandatory while applying for equity IPOs through Designated Intermediaries (Syndicate members, Registered Stock Brokers, Registrar and Transfer agent and Depository Participants). All Other Category of Investors shall mandatorily use only Application Supported by Blocked Amount (ASBA) facility for making payments.",/Price Discount Rs. 10.00/- per Equity Share for Retail Individual Bidders and Eligible Employees of the Company,/Price Discount of Rs 97/- per Equity Share for Eligible Employee of the Company,/Discount of Rs 3/- offered to Retail Individual Investors and Eligible Employees,Retail Individual Investors shall have Unified Payments Interface (UPI) as an additional payment mechanism with Application Supported by Block Amount (ASBA) for making payments. All Other Category of Investors shall mandatorily use only Application Supported by Blocked Amount (ASBA) facility for making payments.,/Price Discount Rs. 53/- per Equity Share for Eligible Employee of the Company,/Price Discount Rs. 0.50/- per Equity Share for Retail Individual Bidders and Eligible Employee of the Company,Retail Individual Investors shall have Unified Payments Interface (UPI) as an additional payment mechanism with Application Supported by Block Amount (ASBA) for making payments.  All Other Category of Investors shall mandatorily use only Application Supported by Blocked Amount (ASBA) facility for making payments.,/Discount of Rs 3/- shall be provided to Retail Investors,PA - ISSUE WITHDRAWAL ,/Price Discount Rs. 5/- per Equity Share for Retail Individual Bidders and Eligible Employee of the Company,/Price Discount Rs. 10/- per Equity Share for Retail Individual Bidders and Eligible Employee of the Company,/Price Discount Rs. 6/- per Equity Share for Retail Individual Bidders and Eligible Employee of the Company,/Price Discount of Rs 3/- per Equity Share for Retail Individual bidders and Eligible Employee of the Company,/A discount of Rs 25/- has been offered per Equity share on the offer price for Retail Individual Bidders and the Eligible Employees,/Price Discount of Rs.10/- is being offered to both Retail Individual bidders and Employee Reservation portion,/Price Discount of Rs.85/- is available for Eligible Employees Bidding in the Employee Reservation Portion,"At Lower Price Band i.e. A fresh issue of 950.00 million and an offer for sale of up to 13,453,932 equity shares",/Price Discount of Rs.12/- is available for Retail Individual Investors and to Eligible Employees Bidding in the Employee Reservation Portion,/Price Discount of Rs.30/- is being offered to both Retail Individual bidders and Employee Reservation portion,/Price Discount of Rs.42/- is available for Employee Category,Post Issue Modification on 14th October and 16th October 2017 between 10.00 am to 1.00 pm,/A price Discount of Rs 45/- is available for Retail Individual Investors and Eligible Employees,/Price Discount of Rs.45/- is available for Employee Category,/A price Discount of Rs 90/- is available for Eligible Employees,/Price Discount of Rs.68/- is available for Employee Category,/Price Discount of Rs.98/- is available for Retail and Employee Category,Offer for Sale of upto 3053675 equity shares of Rs 10 each and Fresh issue of equity shares 340909 of Rs 10 each aggregrating upto Rs 597 crores
0,Equity,VSTL,13 Feb 2024 to 15 Feb 2024,"35,92,445",141.00-151.00,NA,10.00,1.00,99,99,NA,,,,,,,,,,,,,,,,,,,,,,,,,,,,,,,,,,,,,,,,,,,,,,,,,,,,,,,,,,,,,,,,,,,,,,,,,,,,,,,,,,,,,,,
1,Equity,ENTERO,09 Feb 2024 to 13 Feb 2024,"71,50,100",1195.00-1258.00,NA,10.00,1.00,11,11,,NA,,,,,,,,,,,,,,,,,,,,,,,,,,,,,,,,,,,,,,,,,,,,,,,,,,,,,,,,,,,,,,,,,,,,,,,,,,,,,,,,,,,,,,
2,Equity,CAPITALSFB,07 Feb 2024 to 09 Feb 2024,"81,47,373",445.00-468.00,,10.00,1.00,32,32,NA,,NA,,,,,,,,,,,,,,,,,,,,,,,,,,,,,,,,,,,,,,,,,,,,,,,,,,,,,,,,,,,,,,,,,,,,,,,,,,,,,,,,,,,,,
3,Equity,JSFB,07 Feb 2024 to 09 Feb 2024,"1,01,16,284",393.00-414.00,NA,10.00,1.00,36,36,NA,,,,,,,,,,,,,,,,,,,,,,,,,,,,,,,,,,,,,,,,,,,,,,,,,,,,,,,,,,,,,,,,,,,,,,,,,,,,,,,,,,,,,,,
4,Equity,RPTECH,07 Feb 2024 to 09 Feb 2024,"1,42,37,289",295.00-311.00,NA,5.00,1.00,48,48,NA,,,,,,,,,,,,,,,,,,,,,,,,,,,,,,,,,,,,,,,,,,,,,,,,,,,,,,,,,,,,,,,,,,,,,,,,,,,,,,,,,,,,,,,
5,Equity,PARKHOTELS,05 Feb 2024 to 07 Feb 2024,"3,47,61,903",147.00-155.00,NA,1.00,1.00,96,96,,,,NA,,,,,,,,,,,,,,,,,,,,,,,,,,,,,,,,,,,,,,,,,,,,,,,,,,,,,,,,,,,,,,,,,,,,,,,,,,,,,,,,,,,,
6,Equity,BLSE,30 Jan 2024 to 01 Feb 2024,"1,37,02,904",129.00-135.00,,10.00,1.00,108,108,NA,,,,NA,,,,,,,,,,,,,,,,,,,,,,,,,,,,,,,,,,,,,,,,,,,,,,,,,,,,,,,,,,,,,,,,,,,,,,,,,,,,,,,,,,,
7,Equity,HARSHDEEP,29 Jan 2024 to 31 Jan 2024,"30,36,000",42.00-45.00,,10.00,1.00,3000,3000,NA,,NA,,,,,,,,,,,,,,,,,,,,,,,,,,,,,,,,,,,,,,,,,,,,,,,,,,,,,,,,,,,,,,,,,,,,,,,,,,,,,,,,,,,,,
8,Equity,NOVAAGRI,23 Jan 2024 to 25 Jan 2024,"2,54,14,746",39.00-41.00,,2.00,1.00,365,365,NA,,NA,,,,,,,,,,,,,,,,,,,,,,,,,,,,,,,,,,,,,,,,,,,,,,,,,,,,,,,,,,,,,,,,,,,,,,,,,,,,,,,,,,,,,
9,Equity,EPACK,19 Jan 2024 to 24 Jan 2024,"1,99,77,615",218.00-230.00,,10.00,1.00,65,65,NA,,NA,,,,,,,,,,,,,,,,,,,,,,,,,,,,,,,,,,,,,,,,,,,,,,,,,,,,,,,,,,,,,,,,,,,,,,,,,,,,,,,,,,,,,
10,Equity,EUPHORIA,19 Jan 2024 to 24 Jan 2024,"9,60,000",96.00-100.00,,10.00,1.00,1200,1200,NA,,NA,,,,,,,,,,,,,,,,,,,,,,,,,,,,,,,,,,,,,,,,,,,,,,,,,,,,,,,,,,,,,,,,,,,,,,,,,,,,,,,,,,,,,
11,Equity,MEDIASSIST,15 Jan 2024 to 17 Jan 2024,"1,96,19,719",397.00-418.00,NA,5.00,1.00,35,35,NA,,,,,,,,,,,,,,,,,,,,,,,,,,,,,,,,,,,,,,,,,,,,,,,,,,,,,,,,,,,,,,,,,,,,,,,,,,,,,,,,,,,,,,,
12,Equity,SWANAGRO,11 Jan 2024 to 15 Jan 2024,"35,88,000",62.00-66.00,NA,10.00,1.00,2000,2000,NA,,,,,,,,,,,,,,,,,,,,,,,,,,,,,,,,,,,,,,,,,,,,,,,,,,,,,,,,,,,,,,,,,,,,,,,,,,,,,,,,,,,,,,,
13,Equity,JYOTICNC,09 Jan 2024 to 11 Jan 2024,"1,75,39,681",315.00-331.00,NA,2.00,1.00,45,45,,,,,,NA,,,,,,,,,,,,,,,,,,,,,,,,,,,,,,,,,,,,,,,,,,,,,,,,,,,,,,,,,,,,,,,,,,,,,,,,,,,,,,,,,,
14,Equity,SBVCL,27 Dec 2023 to 29 Dec 2023,"15,46,800",95.00-100.00,,10.00,1.00,1200,1200,NA,,NA,,,,,,,,,,,,,,,,,,,,,,,,,,,,,,,,,,,,,,,,,,,,,,,,,,,,,,,,,,,,,,,,,,,,,,,,,,,,,,,,,,,,,
15,Equity,INNOVACAP,21 Dec 2023 to 26 Dec 2023,"1,30,92,094",426.00-448.00,NA,10.00,1.00,33,33,NA,,,,,,,,,,,,,,,,,,,,,,,,,,,,,,,,,,,,,,,,,,,,,,,,,,,,,,,,,,,,,,,,,,,,,,,,,,,,,,,,,,,,,,,
16,Equity,AZAD,20 Dec 2023 to 22 Dec 2023,"1,01,22,705",499.00-524.00,,2.00,1.00,28,28,NA,,NA,,,,,,,,,,,,,,,,,,,,,,,,,,,,,,,,,,,,,,,,,,,,,,,,,,,,,,,,,,,,,,,,,,,,,,,,,,,,,,,,,,,,,
17,Equity,MUFTI,19 Dec 2023 to 21 Dec 2023,"1,37,44,472",266.00-280.00,NA,2.00,1.00,53,53,NA,,,,,,,,,,,,,,,,,,,,,,,,,,,,,,,,,,,,,,,,,,,,,,,,,,,,,,,,,,,,,,,,,,,,,,,,,,,,,,,,,,,,,,,
18,Equity,HAPPYFORGE,19 Dec 2023 to 21 Dec 2023,"83,65,639",808.00-850.00,NA,2.00,1.00,17,17,NA,,,,,,,,,,,,,,,,,,,,,,,,,,,,,,,,,,,,,,,,,,,,,,,,,,,,,,,,,,,,,,,,,,,,,,,,,,,,,,,,,,,,,,,
19,Equity,RBZJEWEL,19 Dec 2023 to 21 Dec 2023,"79,00,000",95.00-100.00,NA,10.00,1.00,150,150,NA,,,,,,,,,,,,,,,,,,,,,,,,,,,,,,,,,,,,,,,,,,,,,,,,,,,,,,,,,,,,,,,,,,,,,,,,,,,,,,,,,,,,,,,
20,Equity,SHANTIDENM,19 Dec 2023 to 21 Dec 2023,"31,92,000",66.00-70.00,NA,10.00,1.00,2000,2000,NA,,,,,,,,,,,,,,,,,,,,,,,,,,,,,,,,,,,,,,,,,,,,,,,,,,,,,,,,,,,,,,,,,,,,,,,,,,,,,,,,,,,,,,,
21,Equity,MOTISONS,18 Dec 2023 to 20 Dec 2023,"2,08,71,000",52.00-55.00,NA,10.00,1.00,250,250,NA,,,,,,,,,,,,,,,,,,,,,,,,,,,,,,,,,,,,,,,,,,,,,,,,,,,,,,,,,,,,,,,,,,,,,,,,,,,,,,,,,,,,,,,
22,Equity,MML,18 Dec 2023 to 20 Dec 2023,"2,43,87,447",277.00-291.00,,10.00,1.00,51,51,NA,,NA,,,,,,,,,,,,,,,,,,,,,,,,,,,,,,,,,,,,,,,,,,,,,,,,,,,,,,,,,,,,,,,,,,,,,,,,,,,,,,,,,,,,,
23,Equity,SURAJEST,18 Dec 2023 to 20 Dec 2023,"82,35,293",340.00-360.00,,5.00,1.00,41,41,NA,,NA,,,,,,,,,,,,,,,,,,,,,,,,,,,,,,,,,,,,,,,,,,,,,,,,,,,,,,,,,,,,,,,,,,,,,,,,,,,,,,,,,,,,,
24,Equity,INOXINDIA,14 Dec 2023 to 18 Dec 2023,"1,54,77,670",627.00-660.00,NA,2.00,1.00,22,22,NA,,,,,,,,,,,,,,,,,,,,,,,,,,,,,,,,,,,,,,,,,,,,,,,,,,,,,,,,,,,,,,,,,,,,,,,,,,,,,,,,,,,,,,,
25,Equity,SIYARAM,14 Dec 2023 to 18 Dec 2023,"35,70,000",43.00-46.00,NA,10.00,1.00,3000,3000,NA,,,,,,,,,,,,,,,,,,,,,,,,,,,,,,,,,,,,,,,,,,,,,,,,,,,,,,,,,,,,,,,,,,,,,,,,,,,,,,,,,,,,,,,
26,Equity,DOMS,13 Dec 2023 to 15 Dec 2023,"88,37,407",750.00-790.00,NA,10.00,1.00,18,18,,,,,,,NA,,,,,,,,,,,,,,,,,,,,,,,,,,,,,,,,,,,,,,,,,,,,,,,,,,,,,,,,,,,,,,,,,,,,,,,,,,,,,,,,,
27,Equity,INDIASHLTR,13 Dec 2023 to 15 Dec 2023,"1,79,10,449",469.00-493.00,NA,5.00,1.00,30,30,NA,,,,,,,,,,,,,,,,,,,,,,,,,,,,,,,,,,,,,,,,,,,,,,,,,,,,,,,,,,,,,,,,,,,,,,,,,,,,,,,,,,,,,,,
28,Equity,AMIC,29 Nov 2023 to 01 Dec 2023,"19,76,000",121.00-126.00,NA,10.00,1.00,1000,1000,NA,,,,,,,,,,,,,,,,,,,,,,,,,,,,,,,,,,,,,,,,,,,,,,,,,,,,,,,,,,,,,,,,,,,,,,,,,,,,,,,,,,,,,,,
29,Equity,DEEPAKCHEM,29 Nov 2023 to 01 Dec 2023,"20,62,400",76.00-80.00,NA,10.00,1.00,1600,1600,NA,,,,,,,,,,,,,,,,,,,,,,,,,,,,,,,,,,,,,,,,,,,,,,,,,,,,,,,,,,,,,,,,,,,,,,,,,,,,,,,,,,,,,,,
30,Equity,SPL,24 Nov 2023 to 29 Nov 2023,"47,39,200",80.00-86.00,NA,10.00,1.00,1600,1600,NA,,,,,,,,,,,,,,,,,,,,,,,,,,,,,,,,,,,,,,,,,,,,,,,,,,,,,,,,,,,,,,,,,,,,,,,,,,,,,,,,,,,,,,,
31,Equity,FEDFINA,22 Nov 2023 to 24 Nov 2023,"5,59,23,660",133.00-140.00,,10.00,1.00,107,107,NA,,,,,,,NA,,,,,,,,,,,,,,,,,,,,,,,,,,,,,,,,,,,,,,,,,,,,,,,,,,,,,,,,,,,,,,,,,,,,,,,,,,,,,,,,
32,Equity,FLAIR,22 Nov 2023 to 24 Nov 2023,"1,44,13,188",288.00-304.00,NA,5.00,1.00,49,49,NA,,,,,,,,,,,,,,,,,,,,,,,,,,,,,,,,,,,,,,,,,,,,,,,,,,,,,,,,,,,,,,,,,,,,,,,,,,,,,,,,,,,,,,,
33,Equity,GANDHAR,22 Nov 2023 to 24 Nov 2023,"2,12,43,940",160.00-169.00,NA,2.00,1.00,88,88,NA,,,,,,,,,,,,,,,,,,,,,,,,,,,,,,,,,,,,,,,,,,,,,,,,,,,,,,,,,,,,,,,,,,,,,,,,,,,,,,,,,,,,,,,
34,Equity,TATATECH,22 Nov 2023 to 24 Nov 2023,"4,50,29,207",475.00-500.00,NA,2.00,1.00,30,30,NA,,,,,,,,,,,,,,,,,,,,,,,,,,,,,,,,,,,,,,,,,,,,,,,,,,,,,,,,,,,,,,,,,,,,,,,,,,,,,,,,,,,,,,,
35,Equity,IREDA,21 Nov 2023 to 23 Nov 2023,"46,90,46,031",30.00-32.00,NA,10.00,1.00,460,460,NA,,,,,,,,,,,,,,,,,,,,,,,,,,,,,,,,,,,,,,,,,,,,,,,,,,,,,,,,,,,,,,,,,,,,,,,,,,,,,,,,,,,,,,,
36,Equity,KALYANI,08 Nov 2023 to 10 Nov 2023,"16,26,000",137.00-139.00,NA,10.00,1.00,1000,1000,NA,,,,,,,,,,,,,,,,,,,,,,,,,,,,,,,,,,,,,,,,,,,,,,,,,,,,,,,,,,,,,,,,,,,,,,,,,,,,,,,,,,,,,,,
37,Equity,ASKAUTO,07 Nov 2023 to 09 Nov 2023,"2,06,99,974",268.00-282.00,NA,2.00,1.00,53,53,NA,,,,,,,,,,,,,,,,,,,,,,,,,,,,,,,,,,,,,,,,,,,,,,,,,,,,,,,,,,,,,,,,,,,,,,,,,,,,,,,,,,,,,,,
38,Equity,PROTEAN,06 Nov 2023 to 08 Nov 2023,"43,78,700",752.00-792.00,,10.00,1.00,18,18,NA,,,,,,,,NA,,,,,,,,,,,,,,,,,,,,,,,,,,,,,,,,,,,,,,,,,,,,,,,,,,,,,,,,,,,,,,,,,,,,,,,,,,,,,,,
39,Equity,ESAFSFB,03 Nov 2023 to 07 Nov 2023,"5,53,24,562",57.00-60.00,NA,10.00,1.00,250,250,,,,,,,,,,NA,,,,,,,,,,,,,,,,,,,,,,,,,,,,,,,,,,,,,,,,,,,,,,,,,,,,,,,,,,,,,,,,,,,,,,,,,,,,,,
40,Equity,HONASA,31 Oct 2023 to 02 Nov 2023,"2,88,99,514",308.00-324.00,NA,10.00,1.00,46,46,,,,,,,,,,,NA,,,,,,,,,,,,,,,,,,,,,,,,,,,,,,,,,,,,,,,,,,,,,,,,,,,,,,,,,,,,,,,,,,,,,,,,,,,,,
41,Equity,CELLO,30 Oct 2023 to 01 Nov 2023,"2,20,61,947",617.00-648.00,NA,5.00,1.00,23,23,,,,,,,,,,,,NA,,,,,,,,,,,,,,,,,,,,,,,,,,,,,,,,,,,,,,,,,,,,,,,,,,,,,,,,,,,,,,,,,,,,,,,,,,,,
42,Equity,BLUEJET,25 Oct 2023 to 27 Oct 2023,"1,69,99,612",329.00-346.00,NA,2.00,1.00,43,43,NA,,,,,,,,,,,,,,,,,,,,,,,,,,,,,,,,,,,,,,,,,,,,,,,,,,,,,,,,,,,,,,,,,,,,,,,,,,,,,,,,,,,,,,,
43,Equity,IRMENERGY,18 Oct 2023 to 20 Oct 2023,"76,24,800",480.00-505.00,NA,10.00,1.00,29,29,,,,,,,,,,,,,NA,,,,,,,,,,,,,,,,,,,,,,,,,,,,,,,,,,,,,,,,,,,,,,,,,,,,,,,,,,,,,,,,,,,,,,,,,,,
44,Equity,PWL,29 Sep 2023 to 05 Oct 2023,"1,32,00,158",51.00-54.00,NA,10.00,1.00,277,277,NA,,,,,,,,,,,,,,,,,,,,,,,,,,,,,,,,,,,,,,,,,,,,,,,,,,,,,,,,,,,,,,,,,,,,,,,,,,,,,,,,,,,,,,,
45,Equity,VALIANTLAB,27 Sep 2023 to 03 Oct 2023,"76,23,030",133.00-140.00,NA,10.00,1.00,105,105,NA,,,,,,,,,,,,,,,,,,,,,,,,,,,,,,,,,,,,,,,,,,,,,,,,,,,,,,,,,,,,,,,,,,,,,,,,,,,,,,,,,,,,,,,
46,Equity,JSWINFRA,25 Sep 2023 to 27 Sep 2023,"13,62,83,186",113.00-119.00,NA,2.00,1.00,126,126,NA,,,,,,,,,,,,,,,,,,,,,,,,,,,,,,,,,,,,,,,,,,,,,,,,,,,,,,,,,,,,,,,,,,,,,,,,,,,,,,,,,,,,,,,
47,Equity,UDS,25 Sep 2023 to 27 Sep 2023,"1,19,99,999",280.00-300.00,NA,10.00,1.00,50,50,NA,,,,,,,,,,,,,,,,,,,,,,,,,,,,,,,,,,,,,,,,,,,,,,,,,,,,,,,,,,,,,,,,,,,,,,,,,,,,,,,,,,,,,,,
48,Equity,MVGJL,22 Sep 2023 to 26 Sep 2023,"91,20,664",204.00-215.00,NA,10.00,1.00,69,69,NA,,,,,,,,,,,,,,,,,,,,,,,,,,,,,,,,,,,,,,,,,,,,,,,,,,,,,,,,,,,,,,,,,,,,,,,,,,,,,,,,,,,,,,,
49,Equity,KALAMANDIR,20 Sep 2023 to 22 Sep 2023,"3,84,86,309",210.00-222.00,NA,2.00,1.00,67,67,NA,,,,,,,,,,,,,,,,,,,,,,,,,,,,,,,,,,,,,,,,,,,,,,,,,,,,,,,,,,,,,,,,,,,,,,,,,,,,,,,,,,,,,,,
50,Equity,SIGNATURE,20 Sep 2023 to 22 Sep 2023,"1,12,43,196",366.00-385.00,NA,1.00,1.00,38,38,NA,,,,,,,,,,,,,,,,,,,,,,,,,,,,,,,,,,,,,,,,,,,,,,,,,,,,,,,,,,,,,,,,,,,,,,,,,,,,,,,,,,,,,,,
51,Equity,YATRA,15 Sep 2023 to 20 Sep 2023,"3,09,42,356",135.00-142.00,NA,1.00,1.00,105,105,NA,,,,,,,,,,,,,,,,,,,,,,,,,,,,,,,,,,,,,,,,,,,,,,,,,,,,,,,,,,,,,,,,,,,,,,,,,,,,,,,,,,,,,,,
52,Equity,SAMHI,14 Sep 2023 to 18 Sep 2023,"6,25,29,831",119.00-126.00,NA,1.00,1.00,119,119,NA,,,,,,,,,,,,,,,,,,,,,,,,,,,,,,,,,,,,,,,,,,,,,,,,,,,,,,,,,,,,,,,,,,,,,,,,,,,,,,,,,,,,,,,
53,Equity,ZAGGLE,14 Sep 2023 to 18 Sep 2023,"1,93,26,761",156.00-164.00,NA,1.00,1.00,90,90,NA,,,,,,,,,,,,,,,,,,,,,,,,,,,,,,,,,,,,,,,,,,,,,,,,,,,,,,,,,,,,,,,,,,,,,,,,,,,,,,,,,,,,,,,
54,Equity,RRKABEL,13 Sep 2023 to 15 Sep 2023,"1,33,17,737",983.00-1035.00,NA,5.00,1.00,14,1,,,,,,,,,,,,,,NA,,,,,,,,,,,,,,,,,,,,,,,,,,,,,,,,,,,,,,,,,,,,,,,,,,,,,,,,,,,,,,,,,,,,,,,,,,
55,Equity,EMSLIMITED,08 Sep 2023 to 12 Sep 2023,"1,07,87,431",200.00-211.00,NA,10.00,1.00,70,70,NA,,,,,,,,,,,,,,,,,,,,,,,,,,,,,,,,,,,,,,,,,,,,,,,,,,,,,,,,,,,,,,,,,,,,,,,,,,,,,,,,,,,,,,,
56,Equity,JLHL,06 Sep 2023 to 08 Sep 2023,"84,97,169",695.00-735.00,NA,10.00,1.00,20,20,NA,,,,,,,,,,,,,,,,,,,,,,,,,,,,,,,,,,,,,,,,,,,,,,,,,,,,,,,,,,,,,,,,,,,,,,,,,,,,,,,,,,,,,,,
57,Equity,RATNAVEER,04 Sep 2023 to 06 Sep 2023,"1,17,88,000",93.00-98.00,NA,10.00,1.00,150,150,NA,,,,,,,,,,,,,,,,,,,,,,,,,,,,,,,,,,,,,,,,,,,,,,,,,,,,,,,,,,,,,,,,,,,,,,,,,,,,,,,,,,,,,,,
58,Equity,RISHABH,30 Aug 2023 to 01 Sep 2023,"77,90,202",418.00-441.00,NA,10.00,1.00,34,34,NA,,,,,,,,,,,,,,,,,,,,,,,,,,,,,,,,,,,,,,,,,,,,,,,,,,,,,,,,,,,,,,,,,,,,,,,,,,,,,,,,,,,,,,,
59,Equity,VPRPL,24 Aug 2023 to 28 Aug 2023,"2,19,30,000",94.00-99.00,NA,10.00,1.00,150,150,,,,,,,,,,,,,,,NA,,,,,,,,,,,,,,,,,,,,,,,,,,,,,,,,,,,,,,,,,,,,,,,,,,,,,,,,,,,,,,,,,,,,,,,,,
60,Equity,AEROFLEX,22 Aug 2023 to 24 Aug 2023,"2,32,17,667",102.00-108.00,NA,2.00,1.00,130,130,NA,,,,,,,,,,,,,,,,,,,,,,,,,,,,,,,,,,,,,,,,,,,,,,,,,,,,,,,,,,,,,,,,,,,,,,,,,,,,,,,,,,,,,,,
61,Equity,PYRAMID,18 Aug 2023 to 22 Aug 2023,"75,60,400",151.00-166.00,NA,10.00,1.00,90,90,NA,,,,,,,,,,,,,,,,,,,,,,,,,,,,,,,,,,,,,,,,,,,,,,,,,,,,,,,,,,,,,,,,,,,,,,,,,,,,,,,,,,,,,,,
62,Equity,TVSSCS,10 Aug 2023 to 14 Aug 2023,"2,51,22,289",187.00-197.00,NA,1.00,1.00,76,76,NA,,,,,,,,,,,,,,,,,,,,,,,,,,,,,,,,,,,,,,,,,,,,,,,,,,,,,,,,,,,,,,,,,,,,,,,,,,,,,,,,,,,,,,,
63,Equity,CONCORDBIO,04 Aug 2023 to 08 Aug 2023,"1,46,50,957",705.00-741.00,NA,1.00,1.00,20,20,,,,,,,,,,,,,,,,NA,,,,,,,,,,,,,,,,,,,,,,,,,,,,,,,,,,,,,,,,,,,,,,,,,,,,,,,,,,,,,,,,,,,,,,,,
64,Equity,SBFC,03 Aug 2023 to 07 Aug 2023,"13,35,12,817",54.00-57.00,NA,10.00,1.00,260,260,,,,,,,,,,,,,,,,,NA,,,,,,,,,,,,,,,,,,,,,,,,,,,,,,,,,,,,,,,,,,,,,,,,,,,,,,,,,,,,,,,,,,,,,,,
65,Equity,YATHARTH,26 Jul 2023 to 28 Jul 2023,"1,65,17,823",285.00-300.00,NA,10.00,1.00,50,50,NA,,,,,,,,,,,,,,,,,,,,,,,,,,,,,,,,,,,,,,,,,,,,,,,,,,,,,,,,,,,,,,,,,,,,,,,,,,,,,,,,,,,,,,,
66,Equity,ASARFI,17 Jul 2023 to 19 Jul 2023,"51,80,000",51.00-52.00,NA,10.00,1.00,2000,2000,NA,,,,,,,,,,,,,,,,,,,,,,,,,,,,,,,,,,,,,,,,,,,,,,,,,,,,,,,,,,,,,,,,,,,,,,,,,,,,,,,,,,,,,,,
67,Equity,NETWEB,17 Jul 2023 to 19 Jul 2023,"88,58,630",475.00-500.00,NA,2.00,1.00,30,30,,,,,,,,,,,,,,,,,,NA,,,,,,,,,,,,,,,,,,,,,,,,,,,,,,,,,,,,,,,,,,,,,,,,,,,,,,,,,,,,,,,,,,,,,,
68,Equity,UTKARSHBNK,12 Jul 2023 to 14 Jul 2023,"12,05,43,477",23.00-25.00,NA,10.00,1.00,600,600,NA,,,,,,,,,,,,,,,,,,,,,,,,,,,,,,,,,,,,,,,,,,,,,,,,,,,,,,,,,,,,,,,,,,,,,,,,,,,,,,,,,,,,,,,
69,Equity,KAKA,10 Jul 2023 to 12 Jul 2023,"26,22,000",55.00-58.00,,10.00,1.00,2000,2000,NA,,NA,,,,,,,,,,,,,,,,,,,,,,,,,,,,,,,,,,,,,,,,,,,,,,,,,,,,,,,,,,,,,,,,,,,,,,,,,,,,,,,,,,,,,
70,Equity,SENCO,04 Jul 2023 to 06 Jul 2023,"94,18,603",301.00-317.00,,10.00,1.00,47,47,NA,,NA,,,,,,,,,,,,,,,,,,,,,,,,,,,,,,,,,,,,,,,,,,,,,,,,,,,,,,,,,,,,,,,,,,,,,,,,,,,,,,,,,,,,,
71,Equity,PKH,30 Jun 2023 to 04 Jul 2023,"2,56,32,000",140.00-148.00,,5.00,1.00,100,100,NA,,NA,,,,,,,,,,,,,,,,,,,,,,,,,,,,,,,,,,,,,,,,,,,,,,,,,,,,,,,,,,,,,,,,,,,,,,,,,,,,,,,,,,,,,
72,Equity,CYIENTDLM,27 Jun 2023 to 30 Jun 2023,"1,33,32,297",250.00-265.00,NA,10.00,1.00,56,,,,,,,,,,,,,,,,,,,,NA,NA,,,,,,,,,,,,,,,,,,,,,,,,,,,,,,,,,,,,,,,,,,,,,,,,,,,,,,,,,,,,,,,,,,,,
73,Equity,IDEAFORGE,26 Jun 2023 to 30 Jun 2023,"46,48,870",638.00-672.00,,10.00,1.00,22,22,NA,,,,,,,,,,,,,,,,,,,,NA,,,,,,,,,,,,,,,,,,,,,,,,,,,,,,,,,,,,,,,,,,,,,,,,,,,,,,,,,,,,,,,,,,,
74,Equity,HMA,20 Jun 2023 to 23 Jun 2023,"60,54,054",555.00-585.00,,10.00,1.00,25,25,NA,,NA,,,,,,,,,,,,,,,,,,,,,,,,,,,,,,,,,,,,,,,,,,,,,,,,,,,,,,,,,,,,,,,,,,,,,,,,,,,,,,,,,,,,,
75,Equity,COSMICCRF,14 Jun 2023 to 21 Jun 2023,"18,22,000",298.00-314.00,,10.00,1.00,400,400,NA,,,,,,,,,,,,,,,,,,,,,NA,,,,,,,,,,,,,,,,,,,,,,,,,,,,,,,,,,,,,,,,,,,,,,,,,,,,,,,,,,,,,,,,,,
76,Equity,IKIO,06 Jun 2023 to 08 Jun 2023,"1,52,24,074",270.00-285.00,,10.00,1.00,52,52,NA,,NA,,,,,,,,,,,,,,,,,,,,,,,,,,,,,,,,,,,,,,,,,,,,,,,,,,,,,,,,,,,,,,,,,,,,,,,,,,,,,,,,,,,,,
77,Equity,COMRADE,31 May 2023 to 05 Jun 2023,"16,30,000",52.00-54.00,NA,10.00,1.00,2000,2000,,,,,,,,,,,,,,,,,,,NA,,,,,,,,,,,,,,,,,,,,,,,,,,,,,,,,,,,,,,,,,,,,,,,,,,,,,,,,,,,,,,,,,,,,,
78,Equity,HSIL,24 May 2023 to 26 May 2023,"19,77,600",85.00-90.00,NA,10.00,1.00,1600,1600,,,,,,,,,,,,,,,,,,,NA,,,,,,,,,,,,,,,,,,,,,,,,,,,,,,,,,,,,,,,,,,,,,,,,,,,,,,,,,,,,,,,,,,,,,
79,Equity,INNOKAIZ,28 Apr 2023 to 03 May 2023,"19,40,800",76.00-78.00,,10.00,1.00,1600,1600,NA,,NA,,,,,,,,,,,,,,,,,,,,,,,,,,,,,,,,,,,,,,,,,,,,,,,,,,,,,,,,,,,,,,,,,,,,,,,,,,,,,,,,,,,,,
80,Equity,MANKIND,25 Apr 2023 to 27 Apr 2023,"2,80,41,192",1026.00-1080.00,NA,1.00,1.00,13,13,NA,,,,,,,,,,,,,,,,,,,,,,,,,,,,,,,,,,,,,,,,,,,,,,,,,,,,,,,,,,,,,,,,,,,,,,,,,,,,,,,,,,,,,,,
81,Equity,AVALON,03 Apr 2023 to 06 Apr 2023,"1,14,63,854",415.00-436.00,,2.00,1.00,34,34,NA,,,,,,,,,,,,,,,,,,NA,,,,,,,,,,,,,,,,,,,,,,,,,,,,,,,,,,,,,,,,,,,,,,,,,,,,,,,,,,,,,,,,,,,,,
82,Equity,EXHICON,31 Mar 2023 to 05 Apr 2023,"33,00,000",61.00-64.00,NA,10.00,1.00,2000,2000,NA,,,,,,,,,,,,,,,,,,,,,,,,,,,,,,,,,,,,,,,,,,,,,,,,,,,,,,,,,,,,,,,,,,,,,,,,,,,,,,,,,,,,,,,
83,Equity,MAIDEN,23 Mar 2023 to 27 Mar 2023,"37,84,000",60.00-63.00,,10.00,1.00,2000,2000,NA,,NA,,,,,,,,,,,,,,,,,,,,,,,,,,,,,,,,,,,,,,,,,,,,,,,,,,,,,,,,,,,,,,,,,,,,,,,,,,,,,,,,,,,,,
84,Equity,USK,20 Mar 2023 to 23 Mar 2023,"2,00,00,000",33.00-35.00,NA,10.00,1.00,428,428,NA,,,,,,,,,,,,,,,,,,,,,,,,,,,,,,,,,,,,,,,,,,,,,,,,,,,,,,,,,,,,,,,,,,,,,,,,,,,,,,,,,,,,,,,
85,Equity,GSLSU,13 Mar 2023 to 15 Mar 2023,"77,49,000",133.00-140.00,NA,10.00,1.00,100,100,,,,,,,,,,,,,,,,,,,NA,,,,,,,,,,,,,,,,,,,,,,,,,,,,,,,,,,,,,,,,,,,,,,,,,,,,,,,,,,,,,,,,,,,,,
86,Equity,SUDARSHAN,09 Mar 2023 to 14 Mar 2023,"68,62,400",71.00-73.00,,10.00,1.00,1600,1600,NA,,,,,,,,,,,,,,,,,,NA,,,,,,,,,,,,,,,,,,,,,,,,,,,,,,,,,,,,,,,,,,,,,,,,,,,,,,,,,,,,,,,,,,,,,
87,Equity,DIVGIITTS,01 Mar 2023 to 03 Mar 2023,"38,41,800",560.00-590.00,NA,5.00,1.00,25,25,,,,,,,,,,,,,,,,,,,NA,,,,,,,,,,,,,,,,,,,,,,,,,,,,,,,,,,,,,,,,,,,,,,,,,,,,,,,,,,,,,,,,,,,,,
88,Equity,RESGEN,28 Feb 2023 to 02 Mar 2023,"60,00,000",45.00-47.00,NA,10.00,1.00,3000,3000,,,,,,,,,,,,,,,,,,,NA,,,,,,,,,,,,,,,,,,,,,,,,,,,,,,,,,,,,,,,,,,,,,,,,,,,,,,,,,,,,,,,,,,,,,
89,Equity,ROBU,17 Feb 2023 to 21 Feb 2023,"16,68,000",96.00-102.00,NA,10.00,1.00,1200,1200,,,,,,,,,,,,,,,,,,,NA,,,,,,,,,,,,,,,,,,,,,,,,,,,,,,,,,,,,,,,,,,,,,,,,,,,,,,,,,,,,,,,,,,,,,
90,Equity,SEALMATIC,17 Feb 2023 to 21 Feb 2023,"19,30,200",220.00-225.00,NA,10.00,1.00,600,600,,,,,,,,,,,,,,,,,,,NA,,,,,,,,,,,,,,,,,,,,,,,,,,,,,,,,,,,,,,,,,,,,,,,,,,,,,,,,,,,,,,,,,,,,,
91,Equity,ADANIENTPP,27 Jan 2023 to 31 Jan 2023,"4,55,06,791",1556.00-1638.00,NA,1.00,1.00,,,,,,,,,,,,,,,,,,,,,NA,,,,NA,NA,,,,,,,,,,,,,,,,,,,,,,,,,,,,,,,,,,,,,,,,,,,,,,,,,,,,,,,,,,,,,,,,
92,Equity,EARTH,27 Jan 2023 to 31 Jan 2023,"32,40,000",38.00-40.00,,10.00,1.00,3000,3000,NA,,NA,,,,,,,,,,,,,,,,,,,,,,,,,,,,,,,,,,,,,,,,,,,,,,,,,,,,,,,,,,,,,,,,,,,,,,,,,,,,,,,,,,,,,
93,Equity,SAH,30 Dec 2022 to 04 Jan 2023,"56,10,000",61.00-65.00,NA,10.00,1.00,230,230,,,,,,,,,,,,,,,,,,,NA,,,,,,,,,,,,,,,,,,,,,,,,,,,,,,,,,,,,,,,,,,,,,,,,,,,,,,,,,,,,,,,,,,,,,
94,Equity,RADIANTCMS,23 Dec 2022 to 27 Dec 2022,"2,74,29,925",94.00-99.00,NA,1.00,1.00,150,150,,,,,,,,,,,,,,,,,,,NA,,,,,,,,,,,,,,,,,,,,,,,,,,,,,,,,,,,,,,,,,,,,,,,,,,,,,,,,,,,,,,,,,,,,,
95,Equity,ELIN,20 Dec 2022 to 22 Dec 2022,"1,42,09,386",234.00-247.00,NA,5.00,1.00,60,60,,,,,,,,,,,,,,,,,,,NA,,,,,,,,,,,,,,,,,,,,,,,,,,,,,,,,,,,,,,,,,,,,,,,,,,,,,,,,,,,,,,,,,,,,,
96,Equity,KFINTECH,19 Dec 2022 to 21 Dec 2022,"2,37,75,215",347.00-366.00,NA,10.00,1.00,40,40,,,,,,,,,,,,,,,,,,,NA,,,,,,,,,,,,,,,,,,,,,,,,,,,,,,,,,,,,,,,,,,,,,,,,,,,,,,,,,,,,,,,,,,,,,
97,Equity,AHL,12 Dec 2022 to 15 Dec 2022,"1,28,00,000",256.00-270.00,NA,2.00,1.00,55,55,,,,,,,,,,,,,,,,,,,NA,,,,,,,,,,,,,,,,,,,,,,,,,,,,,,,,,,,,,,,,,,,,,,,,,,,,,,,,,,,,,,,,,,,,,
98,Equity,DRONACHRYA,13 Dec 2022 to 15 Dec 2022,"45,00,000",52.00-54.00,NA,10.00,1.00,2000,2000,,,,,,,,,,,,,,,,,,,,,,,,,NA,,,,,,,,,,,,,,,,,,,,,,,,,,,,,,,,,,,,,,,,,,,,,,,,,,,,,,,,,,,,,,,
99,Equity,LANDMARK,13 Dec 2022 to 15 Dec 2022,"80,41,805",481.00-506.00,NA,5.00,1.00,29,,,,,,,,,,,,,,,,,,,,NA,,,,,,,NA,,,,,,,,,,,,,,,,,,,,,,,,,,,,,,,,,,,,,,,,,,,,,,,,,,,,,,,,,,,,,,
100,Equity,SULA,12 Dec 2022 to 14 Dec 2022,"1,88,30,372",340.00-357.00,NA,2.00,1.00,42,42,,,,,,,,,,,,,,,,,,,NA,,,,,,,,,,,,,,,,,,,,,,,,,,,,,,,,,,,,,,,,,,,,,,,,,,,,,,,,,,,,,,,,,,,,,
101,Equity,UNIPARTS,30 Nov 2022 to 02 Dec 2022,"1,01,37,360",548.00-577.00,NA,10.00,1.00,25,25,,,,,,,,,,,,,,,,,,,NA,,,,,,,,,,,,,,,,,,,,,,,,,,,,,,,,,,,,,,,,,,,,,,,,,,,,,,,,,,,,,,,,,,,,,
102,Equity,DHARMAJ,28 Nov 2022 to 30 Nov 2022,"80,12,990",216.00-237.00,NA,10.00,1.00,,,,,,,,,,,,,,,,,,,,,NA,,,,,,,,NA,NA,,,,,,,,,,,,,,,,,,,,,,,,,,,,,,,,,,,,,,,,,,,,,,,,,,,,,,,,,,,,
103,Equity,RUSTOMJEE,14 Nov 2022 to 16 Nov 2022,"86,47,858",514.00-541.00,NA,10.00,1.00,27,,,,,,,,,,,,,,,,,,,,NA,,,,,,,,,,NA,,,,,,,,,,,,,,,,,,,,,,,,,,,,,,,,,,,,,,,,,,,,,,,,,,,,,,,,,,,
104,Equity,INOXGREEN,11 Nov 2022 to 15 Nov 2022,"6,67,21,310",61.00-65.00,NA,10.00,1.00,230,,,,,,,,,,,,,,,,,,,,NA,,,,,,,,,,,NA,,,,,,,,,,,,,,,,,,,,,,,,,,,,,,,,,,,,,,,,,,,,,,,,,,,,,,,,,,
105,Equity,KAYNES,10 Nov 2022 to 14 Nov 2022,"1,50,65,880",559.00-587.00,NA,10.00,1.00,25,25,,,,,,,,,,,,,,,,,,,,,,,,,,,,,,,NA,,,,,,,,,,,,,,,,,,,,,,,,,,,,,,,,,,,,,,,,,,,,,,,,,,,,,,,,,
106,Equity,ARCHEAN,09 Nov 2022 to 11 Nov 2022,"1,99,57,325",386.00-407.00,NA,2.00,1.00,36,,,,,,,,,,,,,,,,,,,,NA,,,,,,,,,,,,,NA,,,,,,,,,,,,,,,,,,,,,,,,,,,,,,,,,,,,,,,,,,,,,,,,,,,,,,,,
107,Equity,FIVESTAR,09 Nov 2022 to 11 Nov 2022,"3,04,88,966",450.00-474.00,NA,1.00,1.00,31,,,,,,,,,,,,,,,,,,,,NA,,,,,,,,,,,,,,NA,,,,,,,,,,,,,,,,,,,,,,,,,,,,,,,,,,,,,,,,,,,,,,,,,,,,,,,
108,Equity,BIKAJI,03 Nov 2022 to 07 Nov 2022,"2,06,36,790",285.00-300.00,,1.00,1.00,50,50,,,,,,,,,,,,,,,,,,,NA,,,,,,,,,,,,,,,NA,,,,,,,,,,,,,,,,,,,,,,,,,,,,,,,,,,,,,,,,,,,,,,,,,,,,,,
109,Equity,MEDANTA,03 Nov 2022 to 07 Nov 2022,"4,67,42,397",319.00-336.00,NA,2.00,1.00,44,,,,,,,,,,,,,,,,,,,,NA,,,,,,,,,,,,,,,,NA,,,,,,,,,,,,,,,,,,,,,,,,,,,,,,,,,,,,,,,,,,,,,,,,,,,,,
110,Equity,FUSION,02 Nov 2022 to 04 Nov 2022,"2,13,75,525",350.00-368.00,NA,10.00,1.00,40,40,,,,,,,,,,,,,,,,,,,,,,,,,,,,,,,,,,,,NA,,,,,,,,,,,,,,,,,,,,,,,,,,,,,,,,,,,,,,,,,,,,,,,,,,,,
111,Equity,DCX,31 Oct 2022 to 02 Nov 2022,"1,45,11,146",197.00-207.00,NA,2.00,1.00,72,,,,,,,,,,,,,,,,,,,,NA,,,,,,,,,,,,,,,,,,NA,,,,,,,,,,,,,,,,,,,,,,,,,,,,,,,,,,,,,,,,,,,,,,,,,,,
112,Equity,TRACXN,10 Oct 2022 to 12 Oct 2022,"2,12,69,714",75.00-80.00,NA,1.00,1.00,185,185,NA,,,,,,,,,,,,,,,,,,,,,,,,,,,,,,,,,,,,,,,,,,,,,,,,,,,,,,,,,,,,,,,,,,,,,,,,,,,,,,,,,,,,,,,
113,Equity,EMIL,04 Oct 2022 to 07 Oct 2022,"6,25,00,000",56.00-59.00,NA,10.00,1.00,254,254,NA,,,,,,,,,,,,,,,,,,,,,,,,,,,,,,,,,,,,,,,,,,,,,,,,,,,,,,,,,,,,,,,,,,,,,,,,,,,,,,,,,,,,,,,
114,Equity,CCSL,27 Sep 2022 to 29 Sep 2022,"10,84,000",53.00-55.00,NA,10.00,1.00,2000,,,,,,,,,,,,,,,,,,,,NA,,,,,,,,,,,,,,,,,,,NA,,,,,,,,,,,,,,,,,,,,,,,,,,,,,,,,,,,,,,,,,,,,,,,,,,
115,Equity,INA,26 Sep 2022 to 29 Sep 2022,"61,56,000",36.00-38.00,NA,10.00,1.00,,,,,,,,,,,,,,,,,,,,,NA,,,,,,,,,,,,,,,,,,,,NA,NA,,,,,,,,,,,,,,,,,,,,,,,,,,,,,,,,,,,,,,,,,,,,,,,,
116,Equity,HARSHA,14 Sep 2022 to 16 Sep 2022,"1,68,63,795",314.00-330.00,NA,10.00,1.00,,,,,,,,,,,,,,,,,,,,,NA,,,,,,,,,,,,,,,,,,,NA,,,NA,,,,,,,,,,,,,,,,,,,,,,,,,,,,,,,,,,,,,,,,,,,,,,,
117,Equity,TMB,05 Sep 2022 to 07 Sep 2022,"87,12,000",500.00-525.00,NA,10.00,1.00,28,,,,,,,,,,,,,,,,,,,,NA,,,,,,,,,,,,,,,,,,,NA,,,,,,,,,,,,,,,,,,,,,,,,,,,,,,,,,,,,,,,,,,,,,,,,,,
118,Equity,DREAMFOLKS,24 Aug 2022 to 26 Aug 2022,"94,83,302",308.00-326.00,NA,2.00,1.00,,,,,,,,,,,,,,,,,,,,,,,,,,,,,,,,,,,,,,,,NA,NA,,,NA,,,,,,,,,,,,,,,,,,,,,,,,,,,,,,,,,,,,,,,,,,,,,,
119,Equity,SYRMA,12 Aug 2022 to 18 Aug 2022,"2,85,63,816",209.00-220.00,NA,10.00,,,,,,,,,,,,,,,,,,,,,,NA,,,,,,,,,,,,,,,,,,,NA,,,,NA,,,,,,,,,,,,,,,,,,,,,,,,,,,,,,,,,,,,,,,,,,,,,,
120,Equity,AETHER,24 May 2022 to 26 May 2022,"93,56,193",610.00-642.00,NA,10.00,,,,,,,,,,,,,,,,,,,,,,NA,,,,,,,,,,,,,,,,,,,NA,NA,,,NA,,,,,,,,,,,,,,,,,,,,,,,,,,,,,,,,,,,,,,,,,,,,,,
121,Equity,EMUDHRA,20 May 2022 to 24 May 2022,"1,64,60,908",243.00-256.00,NA,5.00,,,,,,,,,,,,,,,,,,,,,,NA,,,,,,,,,,,,,,,,,,,NA,NA,,,NA,,,,,,,,,,,,,,,,,,,,,,,,,,,,,,,,,,,,,,,,,,,,,,
122,Equity,ETHOSLTD,18 May 2022 to 20 May 2022,"55,93,682",836.00-878.00,NA,,,,,,,,,,,,,,,,,,,,,,,NA,,,,,,NA,,,,,,,,,,,,,NA,,,,NA,NA,,,,,,,,,,,,,,,,,,,,,,,,,,,,,,,,,,,,,,,,,,,,,
123,Equity,PARADEEP,17 May 2022 to 19 May 2022,"37,59,43,390",39.00-42.00,NA,,,,,,,,,,,,,,,,,,,,,,,NA,,,,,,NA,,,,,,,,,,,,,NA,NA,,,NA,,,,,,,,,,,,,,,,,,,,,,,,,,,,,,,,,,,,,,,,,,,,,,
124,Equity,DELHIVERY,11 May 2022 to 13 May 2022,"6,25,41,023",462.00-487.00,,,,,,,,,,,,,,,,,,,,,,,,NA,,,,,,NA,,,,,,,,,,,,,NA,NA,,,NA,,NA,,,,,,,,,,,,,,,,,,,,,,,,,,,,,,,,,,,,,,,,,,,,
125,Equity,VENUSPIPES,11 May 2022 to 13 May 2022,"35,51,914",310.00-326.00,NA,10.00,1.00,,,,,,,,,,,,,,,,,,,,,,,,,,,,,,,,,,,,,,,,NA,NA,,,NA,,,,,,,,,,,,,,,,,,,,,,,,,,,,,,,,,,,,,,,,,,,,,,
126,Equity,PRUDENT,10 May 2022 to 12 May 2022,"60,18,689",595.00-630.00,,,,,,,,,,,,,,,,,,,,,,,,NA,,,,,,NA,,,,,,,,,,,,,NA,,,,NA,,,NA,,,,,,,,,,,,,,,,,,,,,,,,,,,,,,,,,,,,,,,,,,,
127,Equity,LICI,04 May 2022 to 09 May 2022,"16,20,78,067",902.00-949.00,,,,,,,,,,,,,,,,,,,,,,,,NA,,,,,,,,,,,,,,,,,,,,NA,,,NA,,,,"The Issue Period also includes bidding on Saturday, May 7, 2022 and Sunday, May 8, 2022.",NA,NA,,,,,,,,,,,,,,,,,,,,,,,,,,,,,,,,,,,,,,,,
128,Equity,RAINBOW,27 Apr 2022 to 29 Apr 2022,"2,05,14,617",516.00-542.00,NA,,,,,,,,,,,,,,,,,,,,,,,NA,,,,,,NA,,,,,,,,,,,,,,NA,,,NA,,,,,,,NA,,,,,,,,,,,,,,,,,,,,,,,,,,,,,,,,,,,,,,,
129,Equity,CAMPUS,26 Apr 2022 to 28 Apr 2022,"3,36,25,000",278.00-292.00,NA,5.00,,,,,,,,,,,,,,,,,,,,,,NA,,,,,,NA,,,,,,,,,,,,,,,,,NA,,,,,,,NA,,,,,,,,,,,,,,,,,,,,,,,,,,,,,,,,,,,,,,,
130,Equity,HARIOM,30 Mar 2022 to 05 Apr 2022,"85,00,000",144.00-153.00,NA,,,,,,,,,,,,,,,,,,,,,,,NA,,,,,,NA,,,,,,,,,,,,,,,,,NA,,,,,,,NA,,,,,,,,,,,,,,,,,,,,,,,,,,,,,,,,,,,,,,,
131,Equity,VERANDA,29 Mar 2022 to 31 Mar 2022,"1,17,88,365",130.00-137.00,NA,10.00,,,,,,,,,,,,,,,,,,,,,,NA,,,,,,NA,,,,,,,,,,,,,,,,,NA,,,,,,,NA,,,,,,,,,,,,,,,,,,,,,,,,,,,,,,,,,,,,,,,
132,Equity,RUCHISOYA,24 Mar 2022 to 30 Mar 2022,"6,99,08,699",615.00-650.00,NA,,,,,,,,,,,,,,,,,,,,,,,NA,,,,,,NA,,,,,,,,,,,,,,NA,,,NA,,,,,,,NA,,,,,,,,,,,,,,,,,,,,,,,,,,,,,,,,,,,,,,,
133,Equity,UMAEXPORTS,28 Mar 2022 to 30 Mar 2022,"92,30,769",65.00-68.00,NA,,,,,,,,,,,,,,,,,,,,,,,NA,,,,,,NA,,,,,,,,,,,,,,NA,,,NA,,,,,,,NA,,,,,,,,,,,,,,,,,,,,,,,,,,,,,,,,,,,,,,,
134,Equity,MANYAVAR,04 Feb 2022 to 08 Feb 2022,"2,54,55,388",824.00-866.00,NA,,,,,,,,,,,,,,,,,,,,,,,NA,,,,,,NA,,,,,,,,,,,,,,NA,,,NA,,,,,,,NA,,,,,,,,,,,,,,,,,,,,,,,,,,,,,,,,,,,,,,,
135,Equity,AWL,27 Jan 2022 to 31 Jan 2022,"12,25,46,150",218.00-230.00,NA,,,,,,,,,,,,,,,,,,,,,,,NA,,,,,,NA,,,,,,,,,,,,,,,,,NA,,,,,,,NA,,,,,,,,,,,,,,,,,,,,,,,,,,,,,,,,,,,,,,,
136,Equity,AGSTRA,19 Jan 2022 to 21 Jan 2022,"2,86,74,696",166.00-175.00,NA,,,,,,,,,,,,,,,,,,,,,,,NA,,,,,,NA,,,,,,,,,,,,,,NA,,,NA,,,,,,,NA,,,,,,,,,,,,,,,,,,,,,,,,,,,,,,,,,,,,,,,
137,Equity,CMSINFO,21 Dec 2021 to 23 Dec 2021,"3,75,60,975",205.00-216.00,NA,,,,,,,,,,,,,,,,,,,,,,,NA,,,,,,NA,,,,,,,,,,,,,,,,,NA,,,,,,,NA,,,,,,,,,,,,,,,,,,,,,,,,,,,,,,,,,,,,,,,
138,Equity,SUPRIYA,16 Dec 2021 to 20 Dec 2021,"1,45,28,299",265.00-274.00,NA,,,,,,,,,,,,,,,,,,,,,,,NA,,,,,,NA,,,,,,,,,,,,,,,,,NA,,,,,,,NA,,,,,,,,,,,,,,,,,,,,,,,,,,,,,,,,,,,,,,,
139,Equity,HPAL,15 Dec 2021 to 17 Dec 2021,"45,97,200",262.00-274.00,NA,,,,,,,,,,,,,,,,,,,,,,,NA,,,,,,NA,,,,,,,,,,,,,,NA,,,NA,,,,,,,NA,,,,,,,,,,,,,,,,,,,,,,,,,,,,,,,,,,,,,,,
140,Equity,DATAPATTNS,14 Dec 2021 to 16 Dec 2021,"70,97,285",555.00-585.00,,2.00,,,,,,,,,,,,,,,,,,,,,,NA,,,,,,NA,,,,,,,,,,,,,,NA,,,NA,,,,,,,NA,,,,,,,,,,,,,,,,,,,,,,,,,,,,,,,,,,,,,,,
141,Equity,MEDPLUS,13 Dec 2021 to 15 Dec 2021,"1,25,75,154",780.00-796.00,,,,,,,,,,,,,,,,,,,,,,,,NA,,,,,,NA,,,,,,,,,,,,,,NA,,,NA,,,,,,,NA,NA,,,,,,,,,,,,,,,,,,,,,,,,,,,,,,,,,,,,,,
142,Equity,METROBRAND,10 Dec 2021 to 14 Dec 2021,"1,91,45,070",485.00-500.00,NA,,,,,,,,,,,,,,,,,,,,,,,NA,,,,,,NA,,,,,,,,,,,,,,NA,,,NA,,,,,,,NA,,,,,,,,,,,,,,,,,,,,,,,,,,,,,,,,,,,,,,,
143,Equity,MAPMYINDIA,09 Dec 2021 to 13 Dec 2021,"70,44,762",1000.00-1033.00,NA,,,,,,,,,,,,,,,,,,,,,,,NA,,,,,,NA,,,,,,,,,,,,,,,,,NA,,,,,,,NA,,,,,,,,,,,,,,,,,,,,,,,,,,,,,,,,,,,,,,,
144,Equity,SHRIRAMPPS,08 Dec 2021 to 10 Dec 2021,"2,93,51,639",113.00-118.00,NA,,,,,,,,,,,,,,,,,,,,,,,NA,,,,,,NA,,,,,,,,,,,,,,,,,NA,,,,,,,NA,,,,,,,,,,,,,,,,,,,,,,,,,,,,,,,,,,,,,,,
145,Equity,RATEGAIN,07 Dec 2021 to 09 Dec 2021,"1,73,51,146",405.00-425.00,NA,,,,,,,,,,,,,,,,,,,,,,,NA,,,,,,NA,,,,,,,,,,,,,,NA,,,NA,,,,,,,NA,,,,,,,,,,,,,,,,,,,,,,,,,,,,,,,,,,,,,,,
146,Equity,ARWL,02 Dec 2021 to 06 Dec 2021,"84,75,000",530.00-550.00,NA,,,,,,,,,,,,,,,,,,,,,,,NA,,,,,,NA,,,,,,,,,,,,,,,,,NA,,,,,,,NA,,,,,,,,,,,,,,,,,,,,,,,,,,,,,,,,,,,,,,,
147,Equity,TEGA,01 Dec 2021 to 03 Dec 2021,"95,68,636",443.00-453.00,NA,,,,,,,,,,,,,,,,,,,,,,,NA,,,,,,NA,,,,,,,,,,,,,,NA,,,NA,,,,,,,NA,,,,,,,,,,,,,,,,,,,,,,,,,,,,,,,,,,,,,,,
148,Equity,STARHEALTH,30 Nov 2021 to 02 Dec 2021,"4,49,08,947",870.00-900.00,NA,,,,,,,,,,,,,,,,,,,,,,,NA,,,,,,NA,,,,,,,,,,,,,,NA,,,NA,,,,,,,NA,,,,,,,,,,,,,,,,,,,,,,,,,,,,,,,,,,,,,,,
149,Equity,GOCOLORS,17 Nov 2021 to 22 Nov 2021,"80,79,491",655.00-690.00,NA,,,,,,,,,,,,,,,,,,,,,,,NA,,,,,,NA,,,,,,,,,,,,,,NA,,,NA,,,,,,,NA,,,,,,,,,,,,,,,,,,,,,,,,,,,,,,,,,,,,,,,
150,Equity,TARSONS,15 Nov 2021 to 17 Nov 2021,"1,08,44,104",635.00-662.00,NA,,,,,,,,,,,,,,,,,,,,,,,NA,,,,,,NA,,,,,,,,,,,,,,,,,NA,,,,,,,NA,,,,,,,,,,,,,,,,,,,,,,,,,,,,,,,,,,,,,,,
151,Equity,LATENTVIEW,10 Nov 2021 to 12 Nov 2021,"1,75,25,693",190.00-197.00,NA,,,,,,,,,,,,,,,,,,,,,,,NA,,,,,,NA,,,,,,,,,,,,,,NA,,,NA,,,,,,,NA,,,,,,,,,,,,,,,,,,,,,,,,,,,,,,,,,,,,,,,
152,Equity,SAPPHIRE,09 Nov 2021 to 11 Nov 2021,"96,63,468",1120.00-1180.00,NA,,,,,,,,,,,,,,,,,,,,,,,NA,,,,,,NA,,,,,,,,,,,,,,,,,NA,,,,,,,NA,,,,,,,,,,,,,,,,,,,,,,,,,,,,,,,,,,,,,,,
153,Equity,PAYTM,08 Nov 2021 to 10 Nov 2021,"4,83,89,422",2080.00-2150.00,NA,,,,,,,,,,,,,,,,,,,,,,,NA,,,,,,NA,,,,,,,,,,,,,,NA,,,NA,,,,,,,NA,,,,,,,,,,,,,,,,,,,,,,,,,,,,,,,,,,,,,,,
154,Equity,POLICYBZR,01 Nov 2021 to 03 Nov 2021,"3,45,12,186",940.00-980.00,NA,,,,,,,,,,,,,,,,,,,,,,,NA,,,,,,NA,,,,,,,,,,,,,,NA,,,NA,,,,,,,NA,,,,,,,,,,,,,,,,,,,,,,,,,,,,,,,,,,,,,,,
155,Equity,SJS,01 Nov 2021 to 03 Nov 2021,"1,05,46,140",531.00-542.00,NA,,,,,,,,,,,,,,,,,,,,,,,NA,,,,,,NA,,,,,,,,,,,,,,,,,NA,,,,,,,,,NA,,,,,,,,,,,,,,,,,,,,,,,,,,,,,,,,,,,,,
156,Equity,SIGACHI,01 Nov 2021 to 03 Nov 2021,"53,86,500",161.00-163.00,NA,,,,,,,,,,,,,,,,,,,,,,,NA,,,,,,NA,,,,,,,,,,,,,,,,,NA,,,,,,,NA,,,,,,,,,,,,,,,,,,,,,,,,,,,,,,,,,,,,,,,
157,Equity,FINO,29 Oct 2021 to 02 Nov 2021,"1,14,64,664",560.00-577.00,NA,,,,,,,,,,,,,,,,,,,,,,,NA,,,,,,NA,,,,,,,,,,,,,,NA,,,NA,,,,,,,NA,,,,,,,,,,,,,,,,,,,,,,,,,,,,,,,,,,,,,,,
158,Equity,NYKAA,28 Oct 2021 to 01 Nov 2021,"2,64,85,479",1085.00-1125.00,NA,,,,,,,,,,,,,,,,,,,,,,,NA,,,,,,NA,,,,,,,,,,,,,,,,,NA,,,,,,,NA,,,,,,,,,,,,,,,,,,,,,,,,,,,,,,,,,,,,,,,
159,Equity,ABSLAMC,29 Sep 2021 to 01 Oct 2021,"2,77,99,200",695.00-712.00,NA,,,,,,,,,,,,,,,,,,,,,,,NA,,,,,,NA,,,,,,,,,,,,,,NA,,,NA,,,,,,,NA,,,,,,,,,,,,,,,,,,,,,,,,,,,,,,,,,,,,,,,
160,OFS,PDSTL,21 Sep 2021 to 23 Sep 2021,"71,40,793",165.00-175.00,NA,,,,,,,,,,,,,,,,,,,,,,,NA,,,,,,NA,,,,,,,,,,,,,,NA,,,NA,,,,,,,NA,,,,,,,,,,,,,,,,,,,,,,,,,,,,,,,,,,,,,,,
161,Equity,PREVEST,15 Sep 2021 to 17 Sep 2021,"22,65,600",82.00-84.00,,10.00,,,,,,,,,,,,,,,,,,,,,,NA,,,,,,NA,,,,,,,,,,,,,,NA,,,NA,,,,,,,NA,,,,,,,,,,,,,,,,,,,,,,,,,,,,,,,,,,,,,,,
162,Equity,SANSERA,14 Sep 2021 to 16 Sep 2021,"1,21,09,166",734.00-744.00,NA,,,,,,,,,,,,,,,,,,,,,,,NA,,,,,,NA,,,,,,,,,,,,,,NA,,,NA,,,,,,,NA,,,,,,,,,,,,,,,,,,,,,,,,,,,,,,,,,,,,,,,
163,Equity,NBL,01 Sep 2021 to 06 Sep 2021,"5,39,200",71.00-74.00,,10.00,,,,,,,,,,,,,,,,,,,,,,NA,,,,,,NA,,,,,,,,,,,,,,NA,,,NA,,,,,,,NA,,,,,,,,,,,,,,,,,,,,,,,,,,,,,,,,,,,,,,,
164,Equity,AMIORG,01 Sep 2021 to 03 Sep 2021,"65,42,342",603.00-610.00,NA,,,,,,,,,,,,,,,,,,,,,,,NA,,,,,,NA,,,,,,,,,,,,,,NA,,,NA,,,,,,,NA,,,,,,,,,,,,,,,,,,,,,,,,,,,,,,,,,,,,,,,
165,Equity,VIJAYA,01 Sep 2021 to 03 Sep 2021,"2,50,26,626",522.00-531.00,,,,,,,,,,,,,,,,,,,,,,,,NA,,,,,,NA,,,,,,,,,,,,,,NA,,,NA,,,,,,,NA,,,NA,,,,,,,,,,,,,,,,,,,,,,,,,,,,,,,,,,,,
166,Equity,APTUS,10 Aug 2021 to 12 Aug 2021,"5,51,28,500",346.00-353.00,NA,,,,,,,,,,,,,,,,,,,,,,,NA,,,,,,NA,,,,,,,,,,,,,,NA,,,NA,,,,,,,NA,,,,,,,,,,,,,,,,,,,,,,,,,,,,,,,,,,,,,,,
167,Equity,CHEMPLAST,10 Aug 2021 to 12 Aug 2021,"3,99,52,829",530.00-541.00,NA,,,,,,,,,,,,,,,,,,,,,,,NA,,,,,,NA,,,,,,,,,,,,,,NA,,,NA,,,,,,,NA,,,,,,,,,,,,,,,,,,,,,,,,,,,,,,,,,,,,,,,
168,Equity,CARTRADE,09 Aug 2021 to 11 Aug 2021,"1,29,72,552",1585.00-1618.00,NA,,,,,,,,,,,,,,,,,,,,,,,NA,,,,,,NA,,,,,,,,,,,,,,NA,,,NA,,,,,,,NA,,,,,,,,,,,,,,,,,,,,,,,,,,,,,,,,,,,,,,,
169,Equity,NUVOCO,09 Aug 2021 to 11 Aug 2021,"6,25,00,001",560.00-570.00,NA,,,,,,,,,,,,,,,,,,,,,,,NA,,,,,,NA,,,,,,,,,,,,,,NA,,,NA,,,,,,,NA,,,,,,,,,,,,,,,,,,,,,,,,,,,,,,,,,,,,,,,
170,Equity,DEVYANI,04 Aug 2021 to 06 Aug 2021,"11,25,69,719",86.00-90.00,NA,,,,,,,,,,,,,,,,,,,,,,,NA,,,,,,NA,,,,,,,,,,,,,,NA,,,NA,,,,,,,NA,,,,,,,,,,,,,,,,,,,,,,,,,,,,,,,,,,,,,,,
171,Equity,EXXARO,04 Aug 2021 to 06 Aug 2021,"1,14,50,675",118.00-120.00,NA,,,,,,,,,,,,,,,,,,,,,,,NA,,,,,,NA,,,,,,,,,,,,,,NA,,,NA,,,,,,,NA,,,,,,,,,,,,,,,,,,,,,,,,,,,,,,,,,,,,,,,
172,Equity,KRSNAA,04 Aug 2021 to 06 Aug 2021,"71,12,099",933.00-954.00,NA,,,,,,,,,,,,,,,,,,,,,,,NA,,,,,,NA,,,,,,,,,,,,,,NA,,,NA,,,,,,,NA,,,,,,,,,,,,,,,,,,,,,,,,,,,,,,,,,,,,,,,
173,Equity,WINDLAS,04 Aug 2021 to 06 Aug 2021,"61,36,252",448.00-460.00,NA,,,,,,,,,,,,,,,,,,,,,,,NA,,,,,,NA,,,,,,,,,,,,,,NA,,,NA,,,,,,,NA,,,,,,,,,,,,,,,,,,,,,,,,,,,,,,,,,,,,,,,
174,Equity,ROLEX,28 Jul 2021 to 30 Jul 2021,"56,85,556",880.00-900.00,NA,,,,,,,,,,,,,,,,,,,,,,,NA,,,,,,NA,,,,,,,,,,,,,,NA,,,NA,,,,,,,NA,,,,,,,,,,,,,,,,,,,,,,,,,,,,,,,,,,,,,,,
175,Equity,GLS,27 Jul 2021 to 29 Jul 2021,"2,15,51,798",695.00-720.00,NA,,,,,,,,,,,,,,,,,,,,,,,NA,,,,,,NA,,,,,,,,,,,,,,NA,,,NA,,,,,,,NA,,,,,,,,,,,,,,,,,,,,,,,,,,,,,,,,,,,,,,,
176,Equity,TATVA,16 Jul 2021 to 20 Jul 2021,"32,61,882",1073.00-1083.00,NA,,,,,,,,,,,,,,,,,,,,,,,NA,,,,,,NA,,,,,,,,,,,,,,NA,,,NA,,,,,,,NA,,,,,,,,,,,,,,,,,,,,,,,,,,,,,,,,,,,,,,,
177,Equity,ZOMATO,14 Jul 2021 to 16 Jul 2021,"71,92,33,522",72.00-76.00,NA,,,,,,,,,,,,,,,,,,,,,,,NA,,,,,,NA,,,,,,,,,,,,,,NA,,,NA,,,,,,,NA,,,,,,,,,,,,,,,,,,,,,,,,,,,,,,,,,,,,,,,
178,Equity,CLEAN,07 Jul 2021 to 09 Jul 2021,"1,23,02,672",880.00-900.00,NA,,,,,,,,,,,,,,,,,,,,,,,NA,,,,,,NA,,,,,,,,,,,,,,NA,,,NA,,,,,,,NA,,,,,,,,,,,,,,,,,,,,,,,,,,,,,,,,,,,,,,,
179,Equity,GRINFRA,07 Jul 2021 to 09 Jul 2021,"81,23,594",828.00-837.00,NA,,,,,,,,,,,,,,,,,,,,,,,NA,,,,,,NA,,,,,,,,,,,,,,NA,,,NA,,,,,,,NA,,,,,,,,,,,,,,,,,,,,,,,,,,,,,,,,,,,,,,,
180,Equity,IPL,23 Jun 2021 to 25 Jun 2021,"1,93,10,345",290.00-296.00,NA,,,,,,,,,,,,,,,,,,,,,,,NA,,,,,,NA,,,,,,,,,,,,,,NA,,,NA,,,,,,,NA,,,,,,,,,,,,,,,,,,,,,,,,,,,,,,,,,,,,,,,
181,Equity,DODLA,16 Jun 2021 to 18 Jun 2021,"85,07,569",421.00-428.00,NA,,,,,,,,,,,,,,,,,,,,,,,NA,,,,,,NA,,,,,,,,,,,,,,NA,,,NA,,,,,,,NA,,,,,,,,,,,,,,,,,,,,,,,,,,,,,,,,,,,,,,,
182,Equity,KIMS,16 Jun 2021 to 18 Jun 2021,"1,44,13,073",815.00-825.00,,,,,,,,,,,,,,,,,,,,,,,,NA,,,,,,NA,,,,,,,,,,,,,,NA,,,NA,,,,,,,NA,,,,NA,,,,,,,,,,,,,,,,,,,,,,,,,,,,,,,,,,,
183,Equity,SHYMMETAL,14 Jun 2021 to 16 Jun 2021,"2,10,90,890",303.00-306.00,,,,,,,,,,,,,,,,,,,,,,,,NA,,,,,,NA,,,,,,,,,,,,,,NA,,,NA,,,,,,,NA,,,,,NA,,,,,,,,,,,,,,,,,,,,,,,,,,,,,,,,,,
184,Equity,SONACOMS,14 Jun 2021 to 16 Jun 2021,"10,71,05,262",285.00-291.00,NA,,,,,,,,,,,,,,,,,,,,,,,NA,,,,,,NA,,,,,,,,,,,,,,NA,,,NA,,,,,,,NA,,,,,,,,,,,,,,,,,,,,,,,,,,,,,,,,,,,,,,,
185,Equity,LODHA,07 Apr 2021 to 09 Apr 2021,"3,64,18,219",483.00-486.00,NA,,,,,,,,,,,,,,,,,,,,,,,NA,,,,,,NA,,,,,,,,,,,,,,NA,,,NA,,,,,,,NA,,,,,,,,,,,,,,,,,,,,,,,,,,,,,,,,,,,,,,,
186,Equity,BARBEQUE,24 Mar 2021 to 26 Mar 2021,"90,71,927",498.00-500.00,NA,,,,,,,,,,,,,,,,,,,,,,,NA,,,,,,NA,,,,,,,,,,,,,,NA,,,NA,,,,,,,NA,,,,,,,,,,,,,,,,,,,,,,,,,,,,,,,,,,,,,,,
187,Equity,EKI,24 Mar 2021 to 26 Mar 2021,"18,24,000",100.00-102.00,NA,,,,,,,,,,,,,,,,,,,,,,,NA,,,,,,NA,,,,,,,,,,,,,,NA,,,NA,,,,,,,NA,,,,,,,,,,,,,,,,,,,,,,,,,,,,,,,,,,,,,,,
188,Equity,NAZARA,17 Mar 2021 to 19 Mar 2021,"29,20,997",1100.00-1101.00,NA,,,,,,,,,,,,,,,,,,,,,,,NA,,,,,,NA,,,,,,,,,,,,,,NA,,,NA,,,,,,,NA,,,,,,,,,,,,,,,,,,,,,,,,,,,,,,,,,,,,,,,
189,Equity,SURYODAY,17 Mar 2021 to 19 Mar 2021,"1,35,15,150",303.00-305.00,NA,10.00,,,,,,,,,,,,,,,,,,,,,,,,,,,,NA,,,,,,,,,,,,,,NA,,,NA,,,,,,,NA,,,,,,,,,,,,,,,,,,,,,,,,,,,,,,,,,,,,,,,
190,Equity,KALYAN,16 Mar 2021 to 18 Mar 2021,"9,57,09,301",86.00-87.00,NA,,,,,,,,,,,,,,,,,,,,,,,NA,,,,,,NA,,,,,,,,,,,,,,NA,,,NA,,,,,,,NA,,,,,,,,,,,,,,,,,,,,,,,,,,,,,,,,,,,,,,,
191,Equity,CRAFTSMAN,15 Mar 2021 to 17 Mar 2021,"38,69,714",1488.00-1490.00,NA,,,,,,,,,,,,,,,,,,,,,,,NA,,,,,,NA,,,,,,,,,,,,,,NA,,,NA,,,,,,,NA,,,,,,,,,,,,,,,,,,,,,,,,,,,,,,,,,,,,,,,
192,Equity,LXCHEM,15 Mar 2021 to 17 Mar 2021,"3,25,58,138",129.00-130.00,NA,,,,,,,,,,,,,,,,,,,,,,,NA,,,,,,NA,,,,,,,,,,,,,,NA,,,NA,,,,,,,NA,,,,,,,,,,,,,,,,,,,,,,,,,,,,,,,,,,,,,,,
193,Equity,ANURAS,12 Mar 2021 to 16 Mar 2021,"97,01,809",553.00-555.00,NA,,,,,,,,,,,,,,,,,,,,,,,NA,,,,,,NA,,,,,,,,,,,,,,NA,,,NA,,,,,,,NA,,,,,,,,,,,,,,,,,,,,,,,,,,,,,,,,,,,,,,,
194,Equity,EASEMYTRIP,08 Mar 2021 to 10 Mar 2021,"1,50,80,644",186.00-187.00,NA,2.00,,,,,,,,,,,,,,,,,,,,,,NA,,,,,,NA,,,,,,,,,,,,,,,,,NA,,,,,,,NA,,,,,,,,,,,,,,,,,,,,,,,,,,,,,,,,,,,,,,,
195,Equity,MTAR,03 Mar 2021 to 05 Mar 2021,"72,60,694",574.00-575.00,NA,,,,,,,,,,,,,,,,,,,,,,,NA,,,,,,NA,,,,,,,,,,,,,,NA,,,NA,,,,,,,NA,,,,,,,,,,,,,,,,,,,,,,,,,,,,,,,,,,,,,,,
196,Equity,HERANBA,23 Feb 2021 to 25 Feb 2021,"69,81,417",626.00-627.00,NA,10.00,1.00,,,,,,,,,,,,,,,,,,,,,NA,,,,,,NA,,,,,,,,,,,,,,,,,NA,,,,,,,,,,,,,,,,,,,,,,,,,,,,,,,,,,,,,,,,,,,,,,
197,Equity,RAILTEL,16 Feb 2021 to 18 Feb 2021,"6,11,95,923",93.00-94.00,NA,,,,,,,,,,,,,,,,,,,,,,,NA,,,,,,NA,,,,,,,,,,,,,,NA,,,NA,,,,,,,NA,,,,,,,,,,,,,,,,,,,,,,,,,,,,,,,,,,,,,,,
198,Equity,NURECA,15 Feb 2021 to 17 Feb 2021,"14,01,595",396.00-400.00,,,,,,,,,,,,,,,,,,,,,,,,NA,,,,,,NA,,,,,,,,,,,,,,NA,,,NA,,,,,,,NA,,,,,,NA,,,,,,,,,,,,,,,,,,,,,,,,,,,,,,,,,
199,Equity,STOVEKRAFT,25 Jan 2021 to 28 Jan 2021,"58,94,642",384.00-385.00,NA,10.00,,,,,,,,,,,,,,,,,,,,,,,,,,,,NA,,,,,,,,,,,,,,NA,,,NA,,,,,,,NA,,,,,,,,,,,,,,,,,,,,,,,,,,,,,,,,,,,,,,,
200,Equity,HOMEFIRST,21 Jan 2021 to 25 Jan 2021,"1,56,20,948",517.00-518.00,NA,,,,,,,,,,,,,,,,,,,,,,,NA,,,,,,NA,,,,,,,,,,,,,,NA,,,NA,,,,,,,NA,,,,,,,,,,,,,,,,,,,,,,,,,,,,,,,,,,,,,,,
201,Equity,INDIGOPNTS,20 Jan 2021 to 22 Jan 2021,"55,18,402",1488.00-1490.00,NA,10.00,,,,,,,,,,,,,,,,,,,,,,,,,,,,NA,,,,,,,,,,,,,,NA,,,NA,,,,,,,NA,,,,,,,,,,,,,,,,,,,,,,,,,,,,,,,,,,,,,,,
202,Equity,IRFC,18 Jan 2021 to 20 Jan 2021,"1,24,75,05,993",25.00-26.00,NA,,,,,,,,,,,,,,,,,,,,,,,NA,,,,,,NA,,,,,,,,,,,,,,NA,,,NA,,,,,,,NA,,,,,,,,,,,,,,,,,,,,,,,,,,,,,,,,,,,,,,,
203,Equity,ANTONY,21 Dec 2020 to 23 Dec 2020,"66,66,342",313.00-315.00,NA,5.00,,,,,,,,,,,,,,,,,,,,,,NA,,,,,,NA,,,,,,,,,,,,,,NA,,,NA,,,,,,,,,,,,,,,,,,,,,,,,,,,,,,,,,,,,,,,,,,,,,,
204,Equity,BECTORFOOD,15 Dec 2020 to 17 Dec 2020,"1,32,36,211",286.00-288.00,,,,,,,,,,,,,,,,,,,,,,,,NA,,,,,,NA,,,,,,,,,,,,,,NA,,,NA,,,,,,,NA,,,,,,,NA,,,,,,,,,,,,,,,,,,,,,,,,,,,,,,,,
205,Equity,BURGERKING,02 Dec 2020 to 04 Dec 2020,"7,44,91,524",59.00-60.00,NA,,,,,,,,,,,,,,,,,,,,,,,NA,,,,,,NA,,,,,,,,,,,,,,NA,,,NA,,,,,,,NA,,,,,,,,,,,,,,,,,,,,,,,,,,,,,,,,,,,,,,,
206,Equity,GLAND,09 Nov 2020 to 11 Nov 2020,"3,02,37,879",1490.00-1500.00,NA,,,,,,,,,,,,,,,,,,,,,,,NA,,,,,,NA,,,,,,,,,,,,,,NA,,,NA,,,,,,,NA,,,,,,,,,,,,,,,,,,,,,,,,,,,,,,,,,,,,,,,
207,Equity,EQUITASSFB,20 Oct 2020 to 22 Oct 2020,"11,58,50,001",32.00-33.00,NA,10.00,1.00,,,,,,,,,,,,,,,,,,,,,,,,,,,,,,,,,,,,,,,,,NA,,,NA,,,,,,,NA,,,,,,,,,,,,,,,,,,,,,,,,,,,,,,,,,,,,,,,
208,Equity,LIKHITHA,29 Sep 2020 to 07 Oct 2020,"51,00,000",116.00-120.00,,10.00,,,,,,,,,,,,,,,,,,,,,,NA,,,,,,NA,,,,,,,,,,,,,,NA,,,NA,,,,,,,NA,,,,,,,,,,,,,,,,,,,,,,,,,,,,,,,,,,,,,,,
209,Equity,MAZDOCK,29 Sep 2020 to 01 Oct 2020,"3,05,99,017",135.00-145.00,NA,,,,,,,,,,,,,,,,,,,,,,,NA,,,,,,NA,,,,,,,,,,,,,,NA,,,NA,,,,,,,NA,,,,,,,,,,,,,,,,,,,,,,,,,,,,,,,,,,,,,,,
210,Equity,UTIAMC,29 Sep 2020 to 01 Oct 2020,"2,73,50,957",552.00-554.00,NA,10.00,,,,,,,,,,,,,,,,,,,,,,,,,,,,NA,,,,,,,,,,,,,,NA,,,NA,,,,,,,NA,,,,,,,,,,,,,,,,,,,,,,,,,,,,,,,,,,,,,,,
211,Equity,ANGELBRKG,22 Sep 2020 to 24 Sep 2020,"1,37,70,491",305.00-306.00,NA,,,,,,,,,,,,,,,,,,,,,,,NA,,,,,,NA,,,,,,,,,,,,,,NA,,,NA,,,,,,,,,,,,,,,NA,,,,,,,,,,,,,,,,,,,,,,,,,,,,,,,
212,Equity,CHEMCON,21 Sep 2020 to 23 Sep 2020,"65,59,173",338.00-340.00,NA,10.00,,,,,,,,,,,,,,,,,,,,,,,,,,,,NA,,,,,,,,,,,,,,NA,,,NA,,,,,,,,,,,,,,,NA,,,,,,,,,,,,,,,,,,,,,,,,,,,,,,,
213,Equity,CAMS,21 Sep 2020 to 23 Sep 2020,"1,28,27,370",1229.00-1230.00,NA,10.00,1.00,,,,,,,,,,,,,,,,,,,,,,,,,,,,,,,,,,,,,,,,,NA,,,NA,,,,,,,,,,,,,,,NA,,,,,,,,,,,,,,,,,,,,,,,,,,,,,,,
214,Equity,ROUTE,09 Sep 2020 to 11 Sep 2020,"1,21,73,912",345.00-350.00,NA,,,,,,,,,,,,,,,,,,,,,,,NA,,,,,,NA,,,,,,,,,,,,,,NA,,,NA,,,,,,,,,,,,,,,NA,,,,,,,,,,,,,,,,,,,,,,,,,,,,,,,
215,Equity,HAPPSTMNDS,07 Sep 2020 to 09 Sep 2020,"2,32,59,550",165.00-166.00,NA,2.00,1.00,,,,,,,,,,,,,,,,,,,,,,,,,,,,,,,,,,,,,,,,,NA,,,NA,,,,,,,,,,,,,,,NA,,,,,,,,,,,,,,,,,,,,,,,,,,,,,,,
216,Equity,YESBANK,15 Jul 2020 to 17 Jul 2020,"9,09,97,66,899",12.00-13.00,,,,,,,,,,,,,,,,,,,,,,,,NA,,,,,,NA,,,,,,,,,,,,,,NA,,,NA,,,,,,,,,,,,,,,NA,NA,,,,,,,,,,,,,,,,,,,,,,,,,,,,,,
217,Equity,ROSSARI,13 Jul 2020 to 15 Jul 2020,"81,73,530",423.00-425.00,NA,,,,,,,,,,,,,,,,,,,,,,,NA,,,,,,NA,,,,,,,,,,,,,,NA,,,NA,,,,,,,,,,,,,,,NA,,,,,,,,,,,,,,,,,,,,,,,,,,,,,,,
218,Equity,AWHCL,04 Mar 2020 to 16 Mar 2020,"48,24,544",294.00-300.00,NA,5.00,,,,,,,,,,,,,,,,,,,,,,NA,,,,,,NA,,,,,,,,,,,,,,NA,,,NA,,,,,,,,,,,,,,,,,,,,,,,,,,,,,,,,,,,,,,,,,,,,,,
219,Equity,SBICARDS,02 Mar 2020 to 05 Mar 2020,"10,02,79,411",750.00-755.00,,,,,,,,,,,,,,,,,,,,,,,,NA,,,,,,NA,,,,,,,,,,,,,,NA,,,NA,,,,,,,,,,,,,,,NA,,NA,,,,,,,,,,,,,,,,,,,,,,,,,,,,,
220,Equity,ITI,24 Jan 2020 to 05 Feb 2020,"18,18,00,000",71.00-77.00,NA,10.00,,,,,,,,,,,,,,,,,,,,,,NA,,,,,,NA,,,,,,,,,,,,,,NA,,,,,,,,,,,,,,,,,,,,,NA,,,,,,,,,,,,,,,,,,,,,,,,,,,,
221,Equity,PRINCEPIPE,18 Dec 2019 to 20 Dec 2019,"1,97,74,012",177.00-178.00,NA,,,,,,,,,,,,,,,,,,,,,,,NA,,,,,,NA,,,,,,,,,,,,,,NA,,,NA,,,,,,,,,,,,,,,NA,,,,,,,,,,,,,,,,,,,,,,,,,,,,,,,
222,Equity,UJJIVANSFB,02 Dec 2019 to 04 Dec 2019,"12,39,58,333",36.00-37.00,NA,,,,,,,,,,,,,,,,,,,,,,,NA,,,,,,NA,,,,,,,,,,,,,,NA,,,NA,,,,,,,,,,,,,,,NA,,,,,,,,,,,,,,,,,,,,,,,,,,,,,,,
223,Equity,CSBBANK,22 Nov 2019 to 26 Nov 2019,"1,15,54,987",193.00-195.00,NA,,,,,,,,,,,,,,,,,,,,,,,NA,,,,,,NA,,,,,,,,,,,,,,NA,,,NA,,,,,,,,,,,,,,,NA,,,,,,,,,,,,,,,,,,,,,,,,,,,,,,,
224,Equity,GENSOL,30 Sep 2019 to 04 Oct 2019,"21,60,000",81.00-83.00,,10.00,1.00,1600,1600,,,,,,,,,,,,,,,,,,,,,,,,,,,,,,,,,,,,,,,NA,,,NA,,,,,,,,,,,,,,,,,,,,,,,,,,,,,,,,,,,,,,,,,,,,,,
225,Equity,GOBLIN,30 Sep 2019 to 04 Oct 2019,"29,24,000",51.00-52.00,,10.00,1.00,2000,,,,,,,,,,,,,,,,,,,,,,,,,,,,,,,,,,,,,,,,NA,,,NA,,,,,,,,,,,,,,,,,,,NA,,,,,,,,,,,,,,,,,,,,,,,,,,,
226,Equity,VISHWARAJ,30 Sep 2019 to 04 Oct 2019,"1,00,00,000",55.00-60.00,NA,10.00,1.00,240,,,,,,,,,,,,,,,,,,,,,,,,,,,,,,,,,,,,,,,,NA,,,NA,,,,,,,,,,,,,,,,,,,,,,,,,,,,,,,,,,,,,,,,,,,,,,
227,Equity,ITCTC,30 Sep 2019 to 03 Oct 2019,"2,01,60,000",315.00-320.00,NA,10.00,,,,,,,,,,,,,,,,,,,,,,,,,,,,,,,,,,,,,,,,,,NA,,,NA,,,,,,,,,,,,,,,,,,,NA,NA,,,,,,,,,,,,,,,,,,,,,,,,,,
228,Equity,TPIL,30 Sep 2019 to 03 Oct 2019,"31,40,000",60.00-64.00,NA,10.00,1.00,2000,,,,,,,,,,,,,,,,,,,,,,,,,,,,,,,,,,,,,,,,NA,,,NA,,,,,,,,,,,,,,,,,,,,,,,,,,,,,,,,,,,,,,,,,,,,,,
229,Equity,SWSL,06 Aug 2019 to 08 Aug 2019,"2,21,77,418",775.00-780.00,NA,1.00,1.00,,,,,,,,,,,,,,,,,,,,,,,,,,,,,,,,,,,,,,,,,NA,,,NA,,,,,,,,,,,,,,,,,,,NA,,,,,,,,,,,,,,,,,,,,,,,,,,,
230,Equity,SPANDANA,05 Aug 2019 to 07 Aug 2019,"98,22,367",853.00-856.00,NA,10.00,1.00,17,,,,,,,,,,,,,,,,,,,,,,,,,,,,,,,,,,,,,,,,NA,,,NA,,,,,,,,,,,,,,,,,,,,,,,,,,,,,,,,,,,,,,,,,,,,,,
231,Equity,AFFLE,29 Jul 2019 to 31 Jul 2019,"37,38,021",740.00-745.00,NA,10.00,1.00,,,,,,,,,,,,,,,,,,,,,,,,,,,,,,,,,,,,,,,,,NA,,,NA,,,,,,,,,,,,,,,,,,,NA,,,,,,,,,,,,,,,,,,,,,,,,,,,
232,Equity,INDIAMART,24 Jun 2019 to 26 Jun 2019,"26,92,824",970.00-973.00,,10.00,1.00,15,,,,,,,,,,,,,,,,,,,,,,,,,,,,,,,,,,,,,,,,NA,,,NA,,,,,,,,,,,,,,,,,,,,,NA,,,,,,,,,,,,,,,,,,,,,,,,,
233,Equity,KPRAGRO,26 Jun 2019 to 26 Jun 2019,"4,64,26,229",59.00-61.00,,10.00,1.00,200,,,,,,,,,,,,,,,,,,,,,,,,,,,,,,,,,,,,,,,,NA,,,NA,,,,,,,,,,,,,,,,,,,,,,NA,,,,,,,,,,,,,,,,,,,,,,,,
234,Equity,SUICH,30 May 2019 to 04 Jun 2019,"41,15,200",73.00-75.00,NA,10.00,1.00,1600,1600,,,,,,,,,,,,,,,,,,,,,,,,,,,,,,,,,,,,,,,,,,NA,,,,,,,,,,,,,,,,,,,,,,,,,,,,,,,,,,,,,,,,,,,,,,
235,Equity,CHCL,02 May 2019 to 15 May 2019,"62,16,000",59.00-65.00,NA,10.00,1.00,2000,,,,,,,,,,,,,,,,,,,,,,,,,,,,,,,,,,,,,,,,NA,,,NA,,,,,,,,,,,,,,,,,,,,,,,,,,,,,,,,,,,,,,,,,,,,,,
236,Equity,AEL,24 Apr 2019 to 06 May 2019,"70,00,000",54.00-60.00,NA,10.00,1.00,,,,,,,,,,,,,,,,,,,,,,,,,,,,,,,,,,,,,,,,,NA,,,NA,,,,,,,,,,,,,,,,,,,,,,,NA,,,,,,,,,,,,,,,,,,,,,,,
237,Equity,NEOGEN,24 Apr 2019 to 26 Apr 2019,"43,29,038",212.00-215.00,NA,10.00,1.00,,,,,,,,,,,,,,,,,,,,,,,,,,,,,,,,,,,,,,,,,NA,,,NA,,,,,,,,,,,,,,,,,,,,,,,NA,,,,,,,,,,,,,,,,,,,,,,,
238,Equity,POLYCAB,05 Apr 2019 to 09 Apr 2019,"1,76,37,777",533.00-538.00,NA,10.00,,,,,,,,,,,,,,,,,,,,,,,,,,,,,,,,,,,,,,,,,,NA,,,NA,,,,,,,,,,,,,,,,,,,,,,,NA,NA,,,,,,,,,,,,,,,,,,,,,,
239,Equity,METROPOLIS,03 Apr 2019 to 05 Apr 2019,"76,61,802",877.00-880.00,NA,2.00,1.00,,,,,,,,,,,,,,,,,,,,,,,,,,,,,,,,,,,,,,,,,NA,,,NA,,,,,,,,,,,,,,,,,,,,,,,NA,,,,,,,,,,,,,,,,,,,,,,,
240,Equity,RVNL,29 Mar 2019 to 03 Apr 2019,"25,34,57,280",17.00-19.00,NA,10.00,,,,,,,,,,,,,,,,,,,,,,,,,,,,,,,,,,,,,,,,,,NA,,,NA,,,,,,,,,,,,,,,,,,,,,,,NA,,NA,,,,,,,,,,,,,,,,,,,,,
241,Equity,MSTC,13 Mar 2019 to 20 Mar 2019,"1,76,70,400",120.00-128.00,NA,10.00,1.00,,,,,,,,,,,,,,,,,,,,,,,,,,,,,,,,,,,,,,,,,NA,,,NA,,,,,,,,,,,,,,,,,,,,,,,NA,,,,,,,,,,,,,,,,,,,,,,,
242,Equity,CHALET,29 Jan 2019 to 31 Jan 2019,"4,13,26,672",275.00-280.00,NA,10.00,1.00,,,,,,,,,,,,,,,,,,,,,,,,,,,,,,,,,,,,,,,,,NA,,,NA,,,,,,,,,,,,,,,,,,,,,,,NA,,,,,,,,,,,,,,,,,,,,,,,
243,Equity,RITCO,28 Jan 2019 to 30 Jan 2019,"66,00,000",71.00-73.00,NA,10.00,1.00,,,,,,,,,,,,,,,,,,,,,,,,,,,,,,,,,,,,,,,,,NA,,,NA,,,,,,,,,,,,,,,,,,,,,,,NA,,,,,,,,,,,,,,,,,,,,,,,
244,Equity,XELPMOC,23 Jan 2019 to 25 Jan 2019,"21,41,496",62.00-66.00,NA,10.00,,,,,,,,,,,,,,,,,,,,,,,,,,,,,,,,,,,,,,,,,,NA,,,NA,,,,,,,,,,,,,,,,,,,,,,,,,,NA,NA,,,,,,,,,,,,,,,,,,,
245,Equity,DECCAN,18 Dec 2018 to 20 Dec 2018,"42,12,000",95.00-100.00,NA,10.00,1.00,1200,,,,,,,,,,,,,,,,,,,,,,,,,,,,,,,,,,,,,,,,NA,,,NA,,,,,,,,,,,,,,,,,,,,,,,,,,,,,,,,,,,,,,,,,,,,,,
246,Equity,DEPL,28 Sep 2018 to 03 Oct 2018,"1,00,00,000",183.00-185.00,NA,10.00,1.00,80,,,,,,,,,,,,,,,,,,,,,,,,,,,,,,,,,,,,,,,,,,,NA,,,,,,,,,,,,,,,,,,,,,,,,,,,,NA,,,,,,,,,,,,,,,,,,
247,Equity,GRSE,24 Sep 2018 to 01 Oct 2018,"2,92,10,760",114.00-118.00,NA,10.00,1.00,,,,,,,,,,,,,,,,,,,,,,,,,,,,,,,,,,,,,,,,,NA,,,NA,,,,,,,,,,,,,,,,,,,,,,,,,,,,,NA,,,,,,,,,,,,,,,,,
248,Equity,AAVAS,25 Sep 2018 to 27 Sep 2018,"1,47,85,027",818.00-821.00,NA,10.00,1.00,18,,,,,,,,,,,,,,,,,,,,,,,,,,,,,,,,,,,,,,,,NA,,,NA,,,,,,,,,,,,,,,,,,,,,,,,,,,,,,,,,,,,,,,,,,,,,,
249,Equity,INNOVATIVE,24 Sep 2018 to 26 Sep 2018,"30,66,000",36.00-40.00,NA,10.00,1.00,3000,,,,,,,,,,,,,,,,,,,,,,,,,,,,,,,,,,,,,,,,NA,,,NA,,,,,,,,,,,,,,,,,,,,,,,,,,,,,,,,,,,,,,,,,,,,,,
250,Equity,MIL,21 Sep 2018 to 25 Sep 2018,"34,04,400",181.00-188.00,NA,10.00,1.00,600,,,,,,,,,,,,,,,,,,,,,,,,,,,,,,,,,,,,,,,,NA,,,NA,,,,,,,,,,,,,,,,,,,,,,,,,,,,,,,,,,,,,,,,,,,,,,
251,Equity,IRCON,17 Sep 2018 to 19 Sep 2018,"99,05,157",470.00-475.00,NA,10.00,1.00,,,,,,,,,,,,,,,,,,,,,,,,,,,,,,,,,,,,,,,,,NA,,,NA,,,,,,,,,,,,,,,,,,,,,,,,,,,,,,NA,,,,,,,,,,,,,,,,
252,Equity,CREDITACC,08 Aug 2018 to 10 Aug 2018,"1,88,29,684",418.00-422.00,NA,10.00,1.00,35,,,,,,,,,,,,,,,,,,,,,,,,,,,,,,,,,,,,,,,,NA,,,NA,,,,,,,,,,,,,,,,,,,,,,,,,,,,,,,,,,,,,,,,,,,,,,
253,Equity,HDFCAMC,25 Jul 2018 to 27 Jul 2018,"1,88,04,290",1095.00-1100.00,NA,5.00,1.00,13,,,,,,,,,,,,,,,,,,,,,,,,,,,,,,,,,,,,,,,,NA,,,NA,,,,,,,,,,,,,,,,,,,,,,,,,,,,,,,,,,,,,,,,,,,,,,
254,Equity,TCNS,18 Jul 2018 to 20 Jul 2018,"1,09,99,828",714.00-716.00,NA,2.00,1.00,20,,,,,,,,,,,,,,,,,,,,,,,,,,,,,,,,,,,,,,,,NA,,,NA,,,,,,,,,,,,,,,,,,,,,,,,,,,,,,,,,,,,,,,,,,,,,,
255,Equity,VARROC,26 Jun 2018 to 28 Jun 2018,"1,41,85,212",965.00-967.00,NA,1.00,1.00,15,,,,,,,,,,,,,,,,,,,,,,,,,,,,,,,,,,,,,,,,NA,,,NA,,,,,,,,,,,,,,,,,,,,,,,,,,,,,,,,,,,,,,,,,,,,,,
256,Equity,FINEORG,20 Jun 2018 to 22 Jun 2018,"53,65,497",780.00-783.00,NA,5.00,1.00,19,,,,,,,,,,,,,,,,,,,,,,,,,,,,,,,,,,,,,,,,NA,,,NA,,,,,,,,,,,,,,,,,,,,,,,,,,,,,,,,,,,,,,,,,,,,,,
257,Equity,RITES,20 Jun 2018 to 22 Jun 2018,"2,52,00,000",180.00-185.00,,10.00,1.00,80,,,,,,,,,,,,,,,,,,,,,,,,,,,,,,,,,,,,,,,,NA,,,NA,,,,,,,,,,,,,,,,,,,,,,,,,,,,,,,NA,,,,,,,,,,,,,,,
258,Equity,AFFORDABLE,24 May 2018 to 28 May 2018,"26,81,600",83.00-85.00,NA,10.00,1.00,1600,,,,,,,,,,,,,,,,,,,,,,,,,,,,,,,,,,,,,,,,NA,,,NA,,,,,,,,,,,,,,,,,,,,,,,,,,,,,,,,,,,,,,,,,,,,,,
259,Equity,INNOVATORS,14 May 2018 to 16 May 2018,"37,63,200",71.00-72.00,NA,10.00,1.00,1600,,,,,,,,,,,,,,,,,,,,,,,,,,,,,,,,,,,,,,,,NA,,,NA,,,,,,,,,,,,,,,,,,,,,,,,,,,,,,,,,,,,,,,,,,,,,,
260,Equity,INDOSTAR,09 May 2018 to 11 May 2018,"2,25,75,438",570.00-572.00,NA,10.00,1.00,26,,,,,,,,,,,,,,,,,,,,,,,,,,,,,,,,,,,,,,,,NA,,,NA,,,,,,,,,,,,,,,,,,,,,,,,,,,,,,,,,,,,,,,,,,,,,,
261,Equity,LEMONTREE,26 Mar 2018 to 28 Mar 2018,"12,98,35,580",54.00-56.00,NA,10.00,1.00,265,,,,,,,,,,,,,,,,,,,,,,,,,,,,,,,,,,,,,,,,NA,,,NA,,,,,,,,,,,,,,,,,,,,,,,,,,,,,,,,,,,,,,,,,,,,,,
262,Equity,ISEC,22 Mar 2018 to 26 Mar 2018,"4,42,25,343",519.00-520.00,NA,5.00,1.00,28,,,,,,,,,,,,,,,,,,,,,,,,,,,,,,,,,,,,,,,,NA,,,NA,,,,,,,,,,,,,,,,,,,,,,,,,,,,,,,,,,,,,,,,,,,,,,
263,Equity,MISHRA,21 Mar 2018 to 23 Mar 2018,"4,87,08,400",87.00-90.00,NA,10.00,1.00,,,,,,,,,,,,,,,,,,,,,,,,,,,,,,,,,,,,,,,,,NA,,,NA,,,,,,,,,,,,,,,,,,,,,,,,,,,,,,,,NA,,,,,,,,,,,,,,
264,Equity,BBPL,20 Mar 2018 to 22 Mar 2018,"53,16,000",60.00-63.00,NA,10.00,1.00,2000,,,,,,,,,,,,,,,,,,,,,,,,,,,,,,,,,,,,,,,,NA,,,NA,,,,,,,,,,,,,,,,,,,,,,,,,,,,,,,,,,,,,,,,,,,,,,
265,Equity,KARDA,16 Mar 2018 to 21 Mar 2018,"43,00,000",175.00-180.00,NA,10.00,1.00,80,,,,,,,,,,,,,,,,,,,,,,,,,,,,,,,,,,,,,,,,NA,,,NA,,,,,,,,,,,,,,,,,,,,,,,,,,,,,,,,,,,,,,,,,,,,,,
266,Equity,SANDHAR,19 Mar 2018 to 21 Mar 2018,"1,08,72,661",327.00-332.00,NA,10.00,1.00,45,,,,,,,,,,,,,,,,,,,,,,,,,,,,,,,,,,,,,,,,NA,,,NA,,,,,,,,,,,,,,,,,,,,,,,,,,,,,,,,,,,,,,,,,,,,,,
267,Equity,HAL,16 Mar 2018 to 20 Mar 2018,"3,41,07,525",1215.00-1240.00,NA,10.00,1.00,,,,,,,,,,,,,,,,,,,,,,,,,,,,,,,,,,,,,,,,,NA,,,NA,,,,,,,,,,,,,,,,,,,,,,,,,,,,,,,,,NA,,,,,,,,,,,,,
268,Equity,BANDHANBNK,15 Mar 2018 to 19 Mar 2018,"8,34,96,347",370.00-375.00,,10.00,1.00,40,40,,,,,,,,,,,,,,,,,,,,,,,,,,,,,,,,,,,,,,,NA,,,NA,,,,,,,,,,,,,,,,,,,,,,,,,,,,,,,,,,,,,,,,,,,,,,
269,Equity,BDL,13 Mar 2018 to 15 Mar 2018,"2,24,51,953",413.00-428.00,NA,10.00,1.00,,,,,,,,,,,,,,,,,,,,,,,,,,,,,,,,,,,,,,,,,NA,,,NA,,,,,,,,,,,,,,,,,,,,,,,,,,,,,,,,,,NA,,,,,,,,,,,,
270,Equity,HGINFRA,26 Feb 2018 to 28 Feb 2018,"1,21,37,070",263.00-270.00,NA,10.00,0.05,55,,,,,,,,,,,,,,,,,,,,,,,,,,,,,,,,,,,,,,,,NA,,,NA,,,,,,,,,,,,,,,,,,,,,,,,,,,,,,,,,,,,,,,,,,,,,,
271,Equity,ASTERDM,12 Feb 2018 to 15 Feb 2018,"3,73,70,415",180.00-190.00,NA,10.00,1.00,78,,,,,,,,,,,,,,,,,,,,,,,,,,,,,,,,,,,,,,,,NA,,,NA,,,,,,,,,,,,,,,,,,,,,,,,,,,,,,,,,,,,,,,,,,,,,,
272,Equity,GSL,29 Jan 2018 to 31 Jan 2018,"44,32,174",1470.00-1480.00,NA,10.00,1.00,10,,,,,,,,,,,,,,,,,,,,,,,,,,,,,,,,,,,,,,,,NA,,,NA,,,,,,,,,,,,,,,,,,,,,,,,,,,,,,,,,,,,,,,,,,,,,,
273,Equity,AMBER,17 Jan 2018 to 19 Jan 2018,"49,27,351",855.00-859.00,NA,10.00,1.00,,,,,,,,,,,,,,,,,,,,,,,,,,,,,,,,,,,,,,,,,NA,,,NA,,,,,,,,,,,,,,,,,,,,,,,,,,,,,,,,,,,NA,,,,,,,,,,,
274,Equity,NEWGEN,16 Jan 2018 to 18 Jan 2018,"1,22,12,821",240.00-245.00,NA,10.00,0.05,,,,,,,,,,,,,,,,,,,,,,,,,,,,,,,,,,,,,,,,,NA,,,NA,,,,,,,,,,,,,,,,,,,,,,,,,,,,,,,,,,,,"At Lower Price Band i.e. A fresh issue of 950.00 million and an offer for sale of up to 13,453,932 equity shares",,,,,,,,,,
275,Equity,APOLLO,10 Jan 2018 to 12 Jan 2018,"41,44,955",270.00-275.00,NA,10.00,1.00,,,,,,,,,,,,,,,,,,,,,,,,,,,,,,,,,,,,,,,,,NA,,,NA,,,,,,,,,,,,,,,,,,,,,,,,,,,,,,,,,,,,,NA,,,,,,,,,
276,Equity,ASTRON,15 Dec 2017 to 20 Dec 2017,"1,40,00,000",45.00-50.00,NA,10.00,1.00,280,,,,,,,,,,,,,,,,,,,,,,,,,,,,,,,,,,,,,,,,NA,,,NA,,,,,,,,,,,,,,,,,,,,,,,,,,,,,,,,,,,,,,,,,,,,,,
277,Equity,FSC,06 Dec 2017 to 08 Dec 2017,"68,49,200",660.00-664.00,NA,10.00,1.00,22,,,,,,,,,,,,,,,,,,,,,,,,,,,,,,,,,,,,,,,,NA,,,NA,,,,,,,,,,,,,,,,,,,,,,,,,,,,,,,,,,,,,,,,,,,,,,
278,Equity,SHALBY,05 Dec 2017 to 07 Dec 2017,"1,45,21,686",245.00-248.00,NA,10.00,1.00,60,,,,,,,,,,,,,,,,,,,,,,,,,,,,,,,,,,,,,,,,NA,,,NA,,,,,,,,,,,,,,,,,,,,,,,,,,,,,,,,,,,,,,,,,,,,,,
279,Equity,AMBITION,16 Nov 2017 to 21 Nov 2017,"30,00,000",40.00-42.00,NA,10.00,1.00,3000,,,,,,,,,,,,,,,,,,,,,,,,,,,,,,,,,,,,,,,,NA,,,NA,,,,,,,,,,,,,,,,,,,,,,,,,,,,,,,,,,,,,,,,,,,,,,
280,Equity,HDFCLIFE,07 Nov 2017 to 09 Nov 2017,"21,97,59,218",275.00-290.00,,10.00,1.00,50,50,,,,,,,,,,,,,,,,,,,,,,,,,,,,,,,,,,,,,,,NA,,,NA,,,,,,,,,,,,,,,,,,,,,,,,,,,,,,,,,,,,,,,,,,,,,,
281,Equity,KHADIM,02 Nov 2017 to 06 Nov 2017,"72,45,233",745.00-750.00,NA,10.00,1.00,20,,,,,,,,,,,,,,,,,,,,,,,,,,,,,,,,,,,,,,,,NA,,,NA,,,,,,,,,,,,,,,,,,,,,,,,,,,,,,,,,,,,,,,,,,,,,,
282,Equity,NIACL,01 Nov 2017 to 03 Nov 2017,"12,00,00,000",770.00-800.00,NA,5.00,1.00,,,,,,,,,,,,,,,,,,,,,,,,,,,,,,,,,,,,,,,,,NA,,,NA,,,,,,,,,,,,,,,,,,,,,,,,,,,,,,,,,,,,,,NA,,,,,,,,
283,Equity,MAHLOG,31 Oct 2017 to 02 Nov 2017,"1,35,70,143",425.00-429.00,NA,10.00,1.00,,,,,,,,,,,,,,,,,,,,,,,,,,,,,,,,,,,,,,,,,NA,,,NA,,,,,,,,,,,,,,,,,,,,,,,,,,,,,,,,,,,,,,,NA,,,,,,,
284,Equity,RNAM,25 Oct 2017 to 27 Oct 2017,"4,28,40,000",247.00-252.00,NA,10.00,1.00,59,,,,,,,,,,,,,,,,,,,,,,,,,,,,,,,,,,,,,,,,NA,,,NA,,,,,,,,,,,,,,,,,,,,,,,,,,,,,,,,,,,,,,,,,,,,,,
285,Equity,GICRE,11 Oct 2017 to 13 Oct 2017,"12,47,00,000",855.00-912.00,NA,5.00,1.00,,,,,,,,,,,,,,,,,,,,,,,,,,,,,,,,,,,,,,,,,,,,NA,,,,,,,,,,,,,,,,,,,,,,,,,,,,,,,,,,,,,,,,NA,NA,,,,,
286,Equity,IEX,09 Oct 2017 to 11 Oct 2017,"52,75,889",1645.00-1650.00,NA,10.00,1.00,9,,,,,,,,,,,,,,,,,,,,,,,,,,,,,,,,,,,,,,,,NA,,,NA,,,,,,,,,,,,,,,,,,,,,,,,,,,,,,,,,,,,,,,,,,,,,,
287,Equity,MASFIN,06 Oct 2017 to 10 Oct 2017,"71,24,910",456.00-459.00,NA,10.00,1.00,,,,,,,,,,,,,,,,,,,,,,,,,,,,,,,,,,,,,,,,,NA,,,NA,,,,,,,,,,,,,,,,,,,,,,,,,,,,,,,,,,,,,,,,,,NA,,,,
288,Equity,GODREJAGRO,04 Oct 2017 to 06 Oct 2017,"1,80,27,464",450.00-460.00,NA,10.00,1.00,32,,,,,,,,,,,,,,,,,,,,,,,,,,,,,,,,,,,,,,,,NA,,,NA,,,,,,,,,,,,,,,,,,,,,,,,,,,,,,,,,,,,,,,,,,,,,,
289,Equity,SIDDH,29 Sep 2017 to 05 Oct 2017,"31,08,000",30.00-35.00,NA,10.00,1.00,4000,,,,,,,,,,,,,,,,,,,,,,,,,,,,,,,,,,,,,,,,NA,,,NA,,,,,,,,,,,,,,,,,,,,,,,,,,,,,,,,,,,,,,,,,,,,,,
290,Equity,DIAMONDYD,22 Sep 2017 to 26 Sep 2017,"36,27,518",930.00-938.00,NA,5.00,1.00,,,,,,,,,,,,,,,,,,,,,,,,,,,,,,,,,,,,,,,,,NA,,,NA,,,,,,,,,,,,,,,,,,,,,,,,,,,,,,,,,,,,,,,,,,,NA,,,
291,Equity,SBILIFE,20 Sep 2017 to 22 Sep 2017,"8,82,00,000",685.00-700.00,NA,10.00,1.00,,,,,,,,,,,,,,,,,,,,,,,,,,,,,,,,,,,,,,,,,NA,,,NA,,,,,,,,,,,,,,,,,,,,,,,,,,,,,,,,,,,,,,,,,,,,NA,,
292,Equity,ICICIGI,15 Sep 2017 to 19 Sep 2017,"6,16,66,740",651.00-661.00,NA,10.00,1.00,22,,,,,,,,,,,,,,,,,,,,,,,,,,,,,,,,,,,,,,,,NA,,,NA,,,,,,,,,,,,,,,,,,,,,,,,,,,,,,,,,,,,,,,,,,,,,,
293,Equity,SAGAR,14 Sep 2017 to 18 Sep 2017,"33,81,000",40.00-45.00,NA,10.00,1.00,3000,,,,,,,,,,,,,,,,,,,,,,,,,,,,,,,,,,,,,,,,NA,,,NA,,,,,,,,,,,,,,,,,,,,,,,,,,,,,,,,,,,,,,,,,,,,,,
294,Equity,CAPACITE,13 Sep 2017 to 15 Sep 2017,"1,14,28,572",245.00-250.00,NA,10.00,1.00,60,,,,,,,,,,,,,,,,,,,,,,,,,,,,,,,,,,,,,,,,NA,,,NA,,,,,,,,,,,,,,,,,,,,,,,,,,,,,,,,,,,,,,,,,,,,,,
295,Equity,MATRIMONY,11 Sep 2017 to 13 Sep 2017,"28,11,280",983.00-985.00,NA,5.00,1.00,,,,,,,,,,,,,,,,,,,,,,,,,,,,,,,,,,,,,,,,,NA,,,NA,,,,,,,,,,,,,,,,,,,,,,,,,,,,,,,,,,,,,,,,,,,,,NA,
296,Equity,BRNL,06 Sep 2017 to 08 Sep 2017,"2,93,00,000",195.00-205.00,,10.00,1.00,73,73,,,,,,,,,,,,,,,,,,,,,,,,,,,,,,,,,,,,,,,NA,,,NA,,,,,,,,,,,,,,,,,,,,,,,,,,,,,,,,,,,,,,,,,,,,,,
297,Equity,DIXON,06 Sep 2017 to 08 Sep 2017,"23,76,557",1760.00-1766.00,NA,10.00,1.00,,,,,,,,,,,,,,,,,,,,,,,,,,,,,,,,,,,,,,,,,NA,,,NA,,,,,,,,,,,,,,,,,,,,,,,,,,,,,,,,,,,,,,,,,,,,,,NA
298,Equity,APEX,22 Aug 2017 to 24 Aug 2017,"62,10,000",171.00-175.00,NA,10.00,1.00,80,,,,,,,,,,,,,,,,,,,,,,,,,,,,,,,,,,,,,,,,NA,,,NA,,,,,,,,,,,,,,,,,,,,,,,,,,,,,,,,,,,,,,,,,,,,,,
